abc,1234
abc,1234
def,5678
abc,1234
def,5678
abc,1234
def,5678
abc,1234
def,5678
abc,1234
def,5678
abc,1234
abc,1234
def,5678
abc,1234
def,5678
abc,1234
def,5678
abc,1234
def,5678
abc,1234
def,5678
abc,1234
abc,1234
def,5678
abc,1234
def,5678
abc,1234
def,5678
abc,1234
def,5678
abc,1234
def,5678
abc,1234
abc,1234
def,5678
abc,1234
def,5678
abc,1234
def,5678
abc,1234
def,5678
abc,1234
def,5678
abc,1234
abc,1234
def,5678
abc,1234
def,5678
abc,1234
def,5678
abc,1234
def,5678
abc,1234
def,5678
abc,1234
abc,1234
def,5678
abc,1234
def,5678
abc,1234
def,5678
abc,1234
def,5678
abc,1234
def,5678
abc,1234
abc,1234
def,5678
abc,1234
def,5678
abc,1234
def,5678
abc,1234
def,5678
abc,1234
def,5678
abc,1234
abc,1234
def,5678
abc,1234
def,5678
abc,1234
def,5678
abc,1234
def,5678
abc,1234
def,5678
abc,1234
abc,1234
def,5678
abc,1234
def,5678
abc,1234
def,5678
abc,1234
def,5678
abc,1234
def,5678
abc,1234
abc,1234
def,5678
abc,1234
def,5678
abc,1234
def,5678
abc,1234
def,5678
abc,1234
def,5678
abc,1234
abc,1234
def,5678
abc,1234
def,5678
abc,1234
def,5678
abc,1234
def,5678
abc,1234
def,5678
abc,1234
abc,1234
def,5678
abc,1234
def,5678
abc,1234
def,5678
abc,1234
def,5678
abc,1234
def,5678
abc,1234
abc,1234
def,5678
abc,1234
def,5678
abc,1234
def,5678
abc,1234
def,5678
abc,1234
def,5678
abc,1234
abc,1234
def,5678
abc,1234
def,5678
abc,1234
def,5678
abc,1234
def,5678
abc,1234
def,5678
abc,1234
abc,1234
def,5678
abc,1234
def,5678
abc,1234
def,5678
abc,1234
def,5678
abc,1234
def,5678
abc,1234
abc,1234
def,5678
abc,1234
def,5678
abc,1234
def,5678
abc,1234
def,5678
abc,1234
def,5678
abc,1234
abc,1234
def,5678
abc,1234
def,5678
abc,1234
def,5678
abc,1234
def,5678
abc,1234
def,5678
abc,1234
abc,1234
def,5678
abc,1234
def,5678
abc,1234
def,5678
abc,1234
def,5678
abc,1234
def,5678
abc,1234
abc,1234
def,5678
abc,1234
def,5678
abc,1234
def,5678
abc,1234
def,5678
abc,1234
def,5678
abc,1234
abc,1234
def,5678
abc,1234
def,5678
abc,1234
def,5678
abc,1234
def,5678
abc,1234
def,5678
abc,1234
abc,1234
def,5678
abc,1234
def,5678
abc,1234
def,5678
abc,1234
def,5678
abc,1234
def,5678
abc,1234
abc,1234
def,5678
abc,1234
def,5678
abc,1234
def,5678
abc,1234
def,5678
abc,1234
def,5678
abc,1234
abc,1234
def,5678
abc,1234
def,5678
abc,1234
def,5678
abc,1234
def,5678
abc,1234
def,5678
abc,1234
abc,1234
def,5678
abc,1234
def,5678
abc,1234
def,5678
abc,1234
def,5678
abc,1234
def,5678
abc,1234
abc,1234
def,5678
abc,1234
def,5678
abc,1234
def,5678
abc,1234
def,5678
abc,1234
def,5678
abc,1234
abc,1234
def,5678
abc,1234
def,5678
abc,1234
def,5678
abc,1234
def,5678
abc,1234
def,5678
abc,1234
abc,1234
def,5678
abc,1234
def,5678
abc,1234
def,5678
abc,1234
def,5678
abc,1234
def,5678
abc,1234
abc,1234
def,5678
abc,1234
def,5678
abc,1234
def,5678
abc,1234
def,5678
abc,1234
def,5678
abc,1234
abc,1234
def,5678
abc,1234
def,5678
abc,1234
def,5678
abc,1234
def,5678
abc,1234
def,5678
abc,1234
abc,1234
def,5678
abc,1234
def,5678
abc,1234
def,5678
abc,1234
def,5678
abc,1234
def,5678
abc,1234
abc,1234
def,5678
abc,1234
def,5678
abc,1234
def,5678
abc,1234
def,5678
abc,1234
def,5678
abc,1234
abc,1234
def,5678
abc,1234
def,5678
abc,1234
def,5678
abc,1234
def,5678
abc,1234
def,5678
abc,1234
abc,1234
def,5678
abc,1234
def,5678
abc,1234
def,5678
abc,1234
def,5678
abc,1234
def,5678
abc,1234
abc,1234
def,5678
abc,1234
def,5678
abc,1234
def,5678
abc,1234
def,5678
abc,1234
def,5678
abc,1234
abc,1234
def,5678
abc,1234
def,5678
abc,1234
def,5678
abc,1234
def,5678
abc,1234
def,5678
abc,1234
abc,1234
def,5678
abc,1234
def,5678
abc,1234
def,5678
abc,1234
def,5678
abc,1234
def,5678
abc,1234
abc,1234
def,5678
abc,1234
def,5678
abc,1234
def,5678
abc,1234
def,5678
abc,1234
def,5678
abc,1234
abc,1234
def,5678
abc,1234
def,5678
abc,1234
def,5678
abc,1234
def,5678
abc,1234
def,5678
abc,1234
abc,1234
def,5678
abc,1234
def,5678
abc,1234
def,5678
abc,1234
def,5678
abc,1234
def,5678
abc,1234
abc,1234
def,5678
abc,1234
def,5678
abc,1234
def,5678
abc,1234
def,5678
abc,1234
def,5678
abc,1234
abc,1234
def,5678
abc,1234
def,5678
abc,1234
def,5678
abc,1234
def,5678
abc,1234
def,5678
abc,1234
abc,1234
def,5678
abc,1234
def,5678
abc,1234
def,5678
abc,1234
def,5678
abc,1234
def,5678
abc,1234
abc,1234
def,5678
abc,1234
def,5678
abc,1234
def,5678
abc,1234
def,5678
abc,1234
def,5678
abc,1234
abc,1234
def,5678
abc,1234
def,5678
abc,1234
def,5678
abc,1234
def,5678
abc,1234
def,5678
abc,1234
abc,1234
def,5678
abc,1234
def,5678
abc,1234
def,5678
abc,1234
def,5678
abc,1234
def,5678
abc,1234
abc,1234
def,5678
abc,1234
def,5678
abc,1234
def,5678
abc,1234
def,5678
abc,1234
def,5678
abc,1234
abc,1234
def,5678
abc,1234
def,5678
abc,1234
def,5678
abc,1234
def,5678
abc,1234
def,5678
abc,1234
abc,1234
def,5678
abc,1234
def,5678
abc,1234
def,5678
abc,1234
def,5678
abc,1234
def,5678
abc,1234
abc,1234
def,5678
abc,1234
def,5678
abc,1234
def,5678
abc,1234
def,5678
abc,1234
def,5678
abc,1234
abc,1234
def,5678
abc,1234
def,5678
abc,1234
def,5678
abc,1234
def,5678
abc,1234
def,5678
abc,1234
abc,1234
def,5678
abc,1234
def,5678
abc,1234
def,5678
abc,1234
def,5678
abc,1234
def,5678
abc,1234
abc,1234
def,5678
abc,1234
def,5678
abc,1234
def,5678
abc,1234
def,5678
abc,1234
def,5678
abc,1234
abc,1234
def,5678
abc,1234
def,5678
abc,1234
def,5678
abc,1234
def,5678
abc,1234
def,5678
abc,1234
abc,1234
def,5678
abc,1234
def,5678
abc,1234
def,5678
abc,1234
def,5678
abc,1234
def,5678
abc,1234
abc,1234
def,5678
abc,1234
def,5678
abc,1234
def,5678
abc,1234
def,5678
abc,1234
def,5678
abc,1234
abc,1234
def,5678
abc,1234
def,5678
abc,1234
def,5678
abc,1234
def,5678
abc,1234
def,5678
abc,1234
abc,1234
def,5678
abc,1234
def,5678
abc,1234
def,5678
abc,1234
def,5678
abc,1234
def,5678
abc,1234
abc,1234
def,5678
abc,1234
def,5678
abc,1234
def,5678
abc,1234
def,5678
abc,1234
def,5678
abc,1234
abc,1234
def,5678
abc,1234
def,5678
abc,1234
def,5678
abc,1234
def,5678
abc,1234
def,5678
abc,1234
abc,1234
def,5678
abc,1234
def,5678
abc,1234
def,5678
abc,1234
def,5678
abc,1234
def,5678
abc,1234
abc,1234
def,5678
abc,1234
def,5678
abc,1234
def,5678
abc,1234
def,5678
abc,1234
def,5678
abc,1234
abc,1234
def,5678
abc,1234
def,5678
abc,1234
def,5678
abc,1234
def,5678
abc,1234
def,5678
abc,1234
abc,1234
def,5678
abc,1234
def,5678
abc,1234
def,5678
abc,1234
def,5678
abc,1234
def,5678
abc,1234
abc,1234
def,5678
abc,1234
def,5678
abc,1234
def,5678
abc,1234
def,5678
abc,1234
def,5678
abc,1234
abc,1234
def,5678
abc,1234
def,5678
abc,1234
def,5678
abc,1234
def,5678
abc,1234
def,5678
abc,1234
abc,1234
def,5678
abc,1234
def,5678
abc,1234
def,5678
abc,1234
def,5678
abc,1234
def,5678
abc,1234
abc,1234
def,5678
abc,1234
def,5678
abc,1234
def,5678
abc,1234
def,5678
abc,1234
def,5678
abc,1234
abc,1234
def,5678
abc,1234
def,5678
abc,1234
def,5678
abc,1234
def,5678
abc,1234
def,5678
abc,1234
abc,1234
def,5678
abc,1234
def,5678
abc,1234
def,5678
abc,1234
def,5678
abc,1234
def,5678
abc,1234
abc,1234
def,5678
abc,1234
def,5678
abc,1234
def,5678
abc,1234
def,5678
abc,1234
def,5678
abc,1234
abc,1234
def,5678
abc,1234
def,5678
abc,1234
def,5678
abc,1234
def,5678
abc,1234
def,5678
abc,1234
abc,1234
def,5678
abc,1234
def,5678
abc,1234
def,5678
abc,1234
def,5678
abc,1234
def,5678
abc,1234abc,1234
def,5678
abc,1234
def,5678
abc,1234
def,5678
abc,1234
def,5678
abc,1234
def,5678
abc,1234
abc,1234
def,5678
abc,1234
def,5678
abc,1234
def,5678
abc,1234
def,5678
abc,1234
def,5678
abc,1234
abc,1234
def,5678
abc,1234
def,5678
abc,1234
def,5678
abc,1234
def,5678
abc,1234
def,5678
abc,1234
abc,1234
def,5678
abc,1234
def,5678
abc,1234
def,5678
abc,1234
def,5678
abc,1234
def,5678
abc,1234
abc,1234
def,5678
abc,1234
def,5678
abc,1234
def,5678
abc,1234
def,5678
abc,1234
def,5678
abc,1234
abc,1234
def,5678
abc,1234
def,5678
abc,1234
def,5678
abc,1234
def,5678
abc,1234
def,5678
abc,1234
abc,1234
def,5678
abc,1234
def,5678
abc,1234
def,5678
abc,1234
def,5678
abc,1234
def,5678
abc,1234
abc,1234
def,5678
abc,1234
def,5678
abc,1234
def,5678
abc,1234
def,5678
abc,1234
def,5678
abc,1234
abc,1234
def,5678
abc,1234
def,5678
abc,1234
def,5678
abc,1234
def,5678
abc,1234
def,5678
abc,1234
abc,1234
def,5678
abc,1234
def,5678
abc,1234
def,5678
abc,1234
def,5678
abc,1234
def,5678
abc,1234
abc,1234
def,5678
abc,1234
def,5678
abc,1234
def,5678
abc,1234
def,5678
abc,1234
def,5678
abc,1234
abc,1234
def,5678
abc,1234
def,5678
abc,1234
def,5678
abc,1234
def,5678
abc,1234
def,5678
abc,1234
abc,1234
def,5678
abc,1234
def,5678
abc,1234
def,5678
abc,1234
def,5678
abc,1234
def,5678
abc,1234
abc,1234
def,5678
abc,1234
def,5678
abc,1234
def,5678
abc,1234
def,5678
abc,1234
def,5678
abc,1234
abc,1234
def,5678
abc,1234
def,5678
abc,1234
def,5678
abc,1234
def,5678
abc,1234
def,5678
abc,1234
abc,1234
def,5678
abc,1234
def,5678
abc,1234
def,5678
abc,1234
def,5678
abc,1234
def,5678
abc,1234
abc,1234
def,5678
abc,1234
def,5678
abc,1234
def,5678
abc,1234
def,5678
abc,1234
def,5678
abc,1234
abc,1234
def,5678
abc,1234
def,5678
abc,1234
def,5678
abc,1234
def,5678
abc,1234
def,5678
abc,1234
abc,1234
def,5678
abc,1234
def,5678
abc,1234
def,5678
abc,1234
def,5678
abc,1234
def,5678
abc,1234
abc,1234
def,5678
abc,1234
def,5678
abc,1234
def,5678
abc,1234
def,5678
abc,1234
def,5678
abc,1234
abc,1234
def,5678
abc,1234
def,5678
abc,1234
def,5678
abc,1234
def,5678
abc,1234
def,5678
abc,1234
abc,1234
def,5678
abc,1234
def,5678
abc,1234
def,5678
abc,1234
def,5678
abc,1234
def,5678
abc,1234
abc,1234
def,5678
abc,1234
def,5678
abc,1234
def,5678
abc,1234
def,5678
abc,1234
def,5678
abc,1234
abc,1234
def,5678
abc,1234
def,5678
abc,1234
def,5678
abc,1234
def,5678
abc,1234
def,5678
abc,1234
abc,1234
def,5678
abc,1234
def,5678
abc,1234
def,5678
abc,1234
def,5678
abc,1234
def,5678
abc,1234
abc,1234
def,5678
abc,1234
def,5678
abc,1234
def,5678
abc,1234
def,5678
abc,1234
def,5678
abc,1234
abc,1234
def,5678
abc,1234
def,5678
abc,1234
def,5678
abc,1234
def,5678
abc,1234
def,5678
abc,1234
abc,1234
def,5678
abc,1234
def,5678
abc,1234
def,5678
abc,1234
def,5678
abc,1234
def,5678
abc,1234
abc,1234
def,5678
abc,1234
def,5678
abc,1234
def,5678
abc,1234
def,5678
abc,1234
def,5678
abc,1234
abc,1234
def,5678
abc,1234
def,5678
abc,1234
def,5678
abc,1234
def,5678
abc,1234
def,5678
abc,1234
abc,1234
def,5678
abc,1234
def,5678
abc,1234
def,5678
abc,1234
def,5678
abc,1234
def,5678
abc,1234
abc,1234
def,5678
abc,1234
def,5678
abc,1234
def,5678
abc,1234
def,5678
abc,1234
def,5678
abc,1234
abc,1234
def,5678
abc,1234
def,5678
abc,1234
def,5678
abc,1234
def,5678
abc,1234
def,5678
abc,1234
abc,1234
def,5678
abc,1234
def,5678
abc,1234
def,5678
abc,1234
def,5678
abc,1234
def,5678
abc,1234
abc,1234
def,5678
abc,1234
def,5678
abc,1234
def,5678
abc,1234
def,5678
abc,1234
def,5678
abc,1234
abc,1234
def,5678
abc,1234
def,5678
abc,1234
def,5678
abc,1234
def,5678
abc,1234
def,5678
abc,1234abc,1234
def,5678
abc,1234
def,5678
abc,1234
def,5678
abc,1234
def,5678
abc,1234
def,5678
abc,1234
abc,1234
def,5678
abc,1234
def,5678
abc,1234
def,5678
abc,1234
def,5678
abc,1234
def,5678
abc,1234
abc,1234
def,5678
abc,1234
def,5678
abc,1234
def,5678
abc,1234
def,5678
abc,1234
def,5678
abc,1234
abc,1234
def,5678
abc,1234
def,5678
abc,1234
def,5678
abc,1234
def,5678
abc,1234
def,5678
abc,1234
abc,1234
def,5678
abc,1234
def,5678
abc,1234
def,5678
abc,1234
def,5678
abc,1234
def,5678
abc,1234
abc,1234
def,5678
abc,1234
def,5678
abc,1234
def,5678
abc,1234
def,5678
abc,1234
def,5678
abc,1234
abc,1234
def,5678
abc,1234
def,5678
abc,1234
def,5678
abc,1234
def,5678
abc,1234
def,5678
abc,1234
abc,1234
def,5678
abc,1234
def,5678
abc,1234
def,5678
abc,1234
def,5678
abc,1234
def,5678
abc,1234
abc,1234
def,5678
abc,1234
def,5678
abc,1234
def,5678
abc,1234
def,5678
abc,1234
def,5678
abc,1234
abc,1234
def,5678
abc,1234
def,5678
abc,1234
def,5678
abc,1234
def,5678
abc,1234
def,5678
abc,1234
abc,1234
def,5678
abc,1234
def,5678
abc,1234
def,5678
abc,1234
def,5678
abc,1234
def,5678
abc,1234
abc,1234
def,5678
abc,1234
def,5678
abc,1234
def,5678
abc,1234
def,5678
abc,1234
def,5678
abc,1234
abc,1234
def,5678
abc,1234
def,5678
abc,1234
def,5678
abc,1234
def,5678
abc,1234
def,5678
abc,1234
abc,1234
def,5678
abc,1234
def,5678
abc,1234
def,5678
abc,1234
def,5678
abc,1234
def,5678
abc,1234
abc,1234
def,5678
abc,1234
def,5678
abc,1234
def,5678
abc,1234
def,5678
abc,1234
def,5678
abc,1234
abc,1234
def,5678
abc,1234
def,5678
abc,1234
def,5678
abc,1234
def,5678
abc,1234
def,5678
abc,1234
abc,1234
def,5678
abc,1234
def,5678
abc,1234
def,5678
abc,1234
def,5678
abc,1234
def,5678
abc,1234
abc,1234
def,5678
abc,1234
def,5678
abc,1234
def,5678
abc,1234
def,5678
abc,1234
def,5678
abc,1234
abc,1234
def,5678
abc,1234
def,5678
abc,1234
def,5678
abc,1234
def,5678
abc,1234
def,5678
abc,1234
abc,1234
def,5678
abc,1234
def,5678
abc,1234
def,5678
abc,1234
def,5678
abc,1234
def,5678
abc,1234
abc,1234
def,5678
abc,1234
def,5678
abc,1234
def,5678
abc,1234
def,5678
abc,1234
def,5678
abc,1234
abc,1234
def,5678
abc,1234
def,5678
abc,1234
def,5678
abc,1234
def,5678
abc,1234
def,5678
abc,1234
abc,1234
def,5678
abc,1234
def,5678
abc,1234
def,5678
abc,1234
def,5678
abc,1234
def,5678
abc,1234
abc,1234
def,5678
abc,1234
def,5678
abc,1234
def,5678
abc,1234
def,5678
abc,1234
def,5678
abc,1234
abc,1234
def,5678
abc,1234
def,5678
abc,1234
def,5678
abc,1234
def,5678
abc,1234
def,5678
abc,1234
abc,1234
def,5678
abc,1234
def,5678
abc,1234
def,5678
abc,1234
def,5678
abc,1234
def,5678
abc,1234
abc,1234
def,5678
abc,1234
def,5678
abc,1234
def,5678
abc,1234
def,5678
abc,1234
def,5678
abc,1234
abc,1234
def,5678
abc,1234
def,5678
abc,1234
def,5678
abc,1234
def,5678
abc,1234
def,5678
abc,1234
abc,1234
def,5678
abc,1234
def,5678
abc,1234
def,5678
abc,1234
def,5678
abc,1234
def,5678
abc,1234
abc,1234
def,5678
abc,1234
def,5678
abc,1234
def,5678
abc,1234
def,5678
abc,1234
def,5678
abc,1234
abc,1234
def,5678
abc,1234
def,5678
abc,1234
def,5678
abc,1234
def,5678
abc,1234
def,5678
abc,1234
abc,1234
def,5678
abc,1234
def,5678
abc,1234
def,5678
abc,1234
def,5678
abc,1234
def,5678
abc,1234
abc,1234
def,5678
abc,1234
def,5678
abc,1234
def,5678
abc,1234
def,5678
abc,1234
def,5678
abc,1234
abc,1234
def,5678
abc,1234
def,5678
abc,1234
def,5678
abc,1234
def,5678
abc,1234
def,5678
abc,1234
abc,1234
def,5678
abc,1234
def,5678
abc,1234
def,5678
abc,1234
def,5678
abc,1234
def,5678
abc,1234
abc,1234
def,5678
abc,1234
def,5678
abc,1234
def,5678
abc,1234
def,5678
abc,1234
def,5678
abc,1234abc,1234
def,5678
abc,1234
def,5678
abc,1234
def,5678
abc,1234
def,5678
abc,1234
def,5678
abc,1234
abc,1234
def,5678
abc,1234
def,5678
abc,1234
def,5678
abc,1234
def,5678
abc,1234
def,5678
abc,1234
abc,1234
def,5678
abc,1234
def,5678
abc,1234
def,5678
abc,1234
def,5678
abc,1234
def,5678
abc,1234
abc,1234
def,5678
abc,1234
def,5678
abc,1234
def,5678
abc,1234
def,5678
abc,1234
def,5678
abc,1234
abc,1234
def,5678
abc,1234
def,5678
abc,1234
def,5678
abc,1234
def,5678
abc,1234
def,5678
abc,1234
abc,1234
def,5678
abc,1234
def,5678
abc,1234
def,5678
abc,1234
def,5678
abc,1234
def,5678
abc,1234
abc,1234
def,5678
abc,1234
def,5678
abc,1234
def,5678
abc,1234
def,5678
abc,1234
def,5678
abc,1234
abc,1234
def,5678
abc,1234
def,5678
abc,1234
def,5678
abc,1234
def,5678
abc,1234
def,5678
abc,1234
abc,1234
def,5678
abc,1234
def,5678
abc,1234
def,5678
abc,1234
def,5678
abc,1234
def,5678
abc,1234
abc,1234
def,5678
abc,1234
def,5678
abc,1234
def,5678
abc,1234
def,5678
abc,1234
def,5678
abc,1234
abc,1234
def,5678
abc,1234
def,5678
abc,1234
def,5678
abc,1234
def,5678
abc,1234
def,5678
abc,1234
abc,1234
def,5678
abc,1234
def,5678
abc,1234
def,5678
abc,1234
def,5678
abc,1234
def,5678
abc,1234
abc,1234
def,5678
abc,1234
def,5678
abc,1234
def,5678
abc,1234
def,5678
abc,1234
def,5678
abc,1234
abc,1234
def,5678
abc,1234
def,5678
abc,1234
def,5678
abc,1234
def,5678
abc,1234
def,5678
abc,1234
abc,1234
def,5678
abc,1234
def,5678
abc,1234
def,5678
abc,1234
def,5678
abc,1234
def,5678
abc,1234
abc,1234
def,5678
abc,1234
def,5678
abc,1234
def,5678
abc,1234
def,5678
abc,1234
def,5678
abc,1234
abc,1234
def,5678
abc,1234
def,5678
abc,1234
def,5678
abc,1234
def,5678
abc,1234
def,5678
abc,1234
abc,1234
def,5678
abc,1234
def,5678
abc,1234
def,5678
abc,1234
def,5678
abc,1234
def,5678
abc,1234
abc,1234
def,5678
abc,1234
def,5678
abc,1234
def,5678
abc,1234
def,5678
abc,1234
def,5678
abc,1234
abc,1234
def,5678
abc,1234
def,5678
abc,1234
def,5678
abc,1234
def,5678
abc,1234
def,5678
abc,1234
abc,1234
def,5678
abc,1234
def,5678
abc,1234
def,5678
abc,1234
def,5678
abc,1234
def,5678
abc,1234
abc,1234
def,5678
abc,1234
def,5678
abc,1234
def,5678
abc,1234
def,5678
abc,1234
def,5678
abc,1234
abc,1234
def,5678
abc,1234
def,5678
abc,1234
def,5678
abc,1234
def,5678
abc,1234
def,5678
abc,1234
abc,1234
def,5678
abc,1234
def,5678
abc,1234
def,5678
abc,1234
def,5678
abc,1234
def,5678
abc,1234
abc,1234
def,5678
abc,1234
def,5678
abc,1234
def,5678
abc,1234
def,5678
abc,1234
def,5678
abc,1234
abc,1234
def,5678
abc,1234
def,5678
abc,1234
def,5678
abc,1234
def,5678
abc,1234
def,5678
abc,1234
abc,1234
def,5678
abc,1234
def,5678
abc,1234
def,5678
abc,1234
def,5678
abc,1234
def,5678
abc,1234
abc,1234
def,5678
abc,1234
def,5678
abc,1234
def,5678
abc,1234
def,5678
abc,1234
def,5678
abc,1234
abc,1234
def,5678
abc,1234
def,5678
abc,1234
def,5678
abc,1234
def,5678
abc,1234
def,5678
abc,1234
abc,1234
def,5678
abc,1234
def,5678
abc,1234
def,5678
abc,1234
def,5678
abc,1234
def,5678
abc,1234
abc,1234
def,5678
abc,1234
def,5678
abc,1234
def,5678
abc,1234
def,5678
abc,1234
def,5678
abc,1234
abc,1234
def,5678
abc,1234
def,5678
abc,1234
def,5678
abc,1234
def,5678
abc,1234
def,5678
abc,1234
abc,1234
def,5678
abc,1234
def,5678
abc,1234
def,5678
abc,1234
def,5678
abc,1234
def,5678
abc,1234
abc,1234
def,5678
abc,1234
def,5678
abc,1234
def,5678
abc,1234
def,5678
abc,1234
def,5678
abc,1234
abc,1234
def,5678
abc,1234
def,5678
abc,1234
def,5678
abc,1234
def,5678
abc,1234
def,5678
abc,1234
abc,1234
def,5678
abc,1234
def,5678
abc,1234
def,5678
abc,1234
def,5678
abc,1234
def,5678
abc,1234abc,1234
def,5678
abc,1234
def,5678
abc,1234
def,5678
abc,1234
def,5678
abc,1234
def,5678
abc,1234
abc,1234
def,5678
abc,1234
def,5678
abc,1234
def,5678
abc,1234
def,5678
abc,1234
def,5678
abc,1234
abc,1234
def,5678
abc,1234
def,5678
abc,1234
def,5678
abc,1234
def,5678
abc,1234
def,5678
abc,1234
abc,1234
def,5678
abc,1234
def,5678
abc,1234
def,5678
abc,1234
def,5678
abc,1234
def,5678
abc,1234
abc,1234
def,5678
abc,1234
def,5678
abc,1234
def,5678
abc,1234
def,5678
abc,1234
def,5678
abc,1234
abc,1234
def,5678
abc,1234
def,5678
abc,1234
def,5678
abc,1234
def,5678
abc,1234
def,5678
abc,1234
abc,1234
def,5678
abc,1234
def,5678
abc,1234
def,5678
abc,1234
def,5678
abc,1234
def,5678
abc,1234
abc,1234
def,5678
abc,1234
def,5678
abc,1234
def,5678
abc,1234
def,5678
abc,1234
def,5678
abc,1234
abc,1234
def,5678
abc,1234
def,5678
abc,1234
def,5678
abc,1234
def,5678
abc,1234
def,5678
abc,1234
abc,1234
def,5678
abc,1234
def,5678
abc,1234
def,5678
abc,1234
def,5678
abc,1234
def,5678
abc,1234
abc,1234
def,5678
abc,1234
def,5678
abc,1234
def,5678
abc,1234
def,5678
abc,1234
def,5678
abc,1234
abc,1234
def,5678
abc,1234
def,5678
abc,1234
def,5678
abc,1234
def,5678
abc,1234
def,5678
abc,1234
abc,1234
def,5678
abc,1234
def,5678
abc,1234
def,5678
abc,1234
def,5678
abc,1234
def,5678
abc,1234
abc,1234
def,5678
abc,1234
def,5678
abc,1234
def,5678
abc,1234
def,5678
abc,1234
def,5678
abc,1234
abc,1234
def,5678
abc,1234
def,5678
abc,1234
def,5678
abc,1234
def,5678
abc,1234
def,5678
abc,1234
abc,1234
def,5678
abc,1234
def,5678
abc,1234
def,5678
abc,1234
def,5678
abc,1234
def,5678
abc,1234
abc,1234
def,5678
abc,1234
def,5678
abc,1234
def,5678
abc,1234
def,5678
abc,1234
def,5678
abc,1234
abc,1234
def,5678
abc,1234
def,5678
abc,1234
def,5678
abc,1234
def,5678
abc,1234
def,5678
abc,1234
abc,1234
def,5678
abc,1234
def,5678
abc,1234
def,5678
abc,1234
def,5678
abc,1234
def,5678
abc,1234
abc,1234
def,5678
abc,1234
def,5678
abc,1234
def,5678
abc,1234
def,5678
abc,1234
def,5678
abc,1234
abc,1234
def,5678
abc,1234
def,5678
abc,1234
def,5678
abc,1234
def,5678
abc,1234
def,5678
abc,1234
abc,1234
def,5678
abc,1234
def,5678
abc,1234
def,5678
abc,1234
def,5678
abc,1234
def,5678
abc,1234
abc,1234
def,5678
abc,1234
def,5678
abc,1234
def,5678
abc,1234
def,5678
abc,1234
def,5678
abc,1234
abc,1234
def,5678
abc,1234
def,5678
abc,1234
def,5678
abc,1234
def,5678
abc,1234
def,5678
abc,1234
abc,1234
def,5678
abc,1234
def,5678
abc,1234
def,5678
abc,1234
def,5678
abc,1234
def,5678
abc,1234
abc,1234
def,5678
abc,1234
def,5678
abc,1234
def,5678
abc,1234
def,5678
abc,1234
def,5678
abc,1234
abc,1234
def,5678
abc,1234
def,5678
abc,1234
def,5678
abc,1234
def,5678
abc,1234
def,5678
abc,1234
abc,1234
def,5678
abc,1234
def,5678
abc,1234
def,5678
abc,1234
def,5678
abc,1234
def,5678
abc,1234
abc,1234
def,5678
abc,1234
def,5678
abc,1234
def,5678
abc,1234
def,5678
abc,1234
def,5678
abc,1234
abc,1234
def,5678
abc,1234
def,5678
abc,1234
def,5678
abc,1234
def,5678
abc,1234
def,5678
abc,1234
abc,1234
def,5678
abc,1234
def,5678
abc,1234
def,5678
abc,1234
def,5678
abc,1234
def,5678
abc,1234
abc,1234
def,5678
abc,1234
def,5678
abc,1234
def,5678
abc,1234
def,5678
abc,1234
def,5678
abc,1234
abc,1234
def,5678
abc,1234
def,5678
abc,1234
def,5678
abc,1234
def,5678
abc,1234
def,5678
abc,1234
abc,1234
def,5678
abc,1234
def,5678
abc,1234
def,5678
abc,1234
def,5678
abc,1234
def,5678
abc,1234
abc,1234
def,5678
abc,1234
def,5678
abc,1234
def,5678
abc,1234
def,5678
abc,1234
def,5678
abc,1234
abc,1234
def,5678
abc,1234
def,5678
abc,1234
def,5678
abc,1234
def,5678
abc,1234
def,5678
abc,1234abc,1234
def,5678
abc,1234
def,5678
abc,1234
def,5678
abc,1234
def,5678
abc,1234
def,5678
abc,1234
abc,1234
def,5678
abc,1234
def,5678
abc,1234
def,5678
abc,1234
def,5678
abc,1234
def,5678
abc,1234
abc,1234
def,5678
abc,1234
def,5678
abc,1234
def,5678
abc,1234
def,5678
abc,1234
def,5678
abc,1234
abc,1234
def,5678
abc,1234
def,5678
abc,1234
def,5678
abc,1234
def,5678
abc,1234
def,5678
abc,1234
abc,1234
def,5678
abc,1234
def,5678
abc,1234
def,5678
abc,1234
def,5678
abc,1234
def,5678
abc,1234
abc,1234
def,5678
abc,1234
def,5678
abc,1234
def,5678
abc,1234
def,5678
abc,1234
def,5678
abc,1234
abc,1234
def,5678
abc,1234
def,5678
abc,1234
def,5678
abc,1234
def,5678
abc,1234
def,5678
abc,1234
abc,1234
def,5678
abc,1234
def,5678
abc,1234
def,5678
abc,1234
def,5678
abc,1234
def,5678
abc,1234
abc,1234
def,5678
abc,1234
def,5678
abc,1234
def,5678
abc,1234
def,5678
abc,1234
def,5678
abc,1234
abc,1234
def,5678
abc,1234
def,5678
abc,1234
def,5678
abc,1234
def,5678
abc,1234
def,5678
abc,1234
abc,1234
def,5678
abc,1234
def,5678
abc,1234
def,5678
abc,1234
def,5678
abc,1234
def,5678
abc,1234
abc,1234
def,5678
abc,1234
def,5678
abc,1234
def,5678
abc,1234
def,5678
abc,1234
def,5678
abc,1234
abc,1234
def,5678
abc,1234
def,5678
abc,1234
def,5678
abc,1234
def,5678
abc,1234
def,5678
abc,1234
abc,1234
def,5678
abc,1234
def,5678
abc,1234
def,5678
abc,1234
def,5678
abc,1234
def,5678
abc,1234
abc,1234
def,5678
abc,1234
def,5678
abc,1234
def,5678
abc,1234
def,5678
abc,1234
def,5678
abc,1234
abc,1234
def,5678
abc,1234
def,5678
abc,1234
def,5678
abc,1234
def,5678
abc,1234
def,5678
abc,1234
abc,1234
def,5678
abc,1234
def,5678
abc,1234
def,5678
abc,1234
def,5678
abc,1234
def,5678
abc,1234
abc,1234
def,5678
abc,1234
def,5678
abc,1234
def,5678
abc,1234
def,5678
abc,1234
def,5678
abc,1234
abc,1234
def,5678
abc,1234
def,5678
abc,1234
def,5678
abc,1234
def,5678
abc,1234
def,5678
abc,1234
abc,1234
def,5678
abc,1234
def,5678
abc,1234
def,5678
abc,1234
def,5678
abc,1234
def,5678
abc,1234
abc,1234
def,5678
abc,1234
def,5678
abc,1234
def,5678
abc,1234
def,5678
abc,1234
def,5678
abc,1234
abc,1234
def,5678
abc,1234
def,5678
abc,1234
def,5678
abc,1234
def,5678
abc,1234
def,5678
abc,1234
abc,1234
def,5678
abc,1234
def,5678
abc,1234
def,5678
abc,1234
def,5678
abc,1234
def,5678
abc,1234
abc,1234
def,5678
abc,1234
def,5678
abc,1234
def,5678
abc,1234
def,5678
abc,1234
def,5678
abc,1234
abc,1234
def,5678
abc,1234
def,5678
abc,1234
def,5678
abc,1234
def,5678
abc,1234
def,5678
abc,1234
abc,1234
def,5678
abc,1234
def,5678
abc,1234
def,5678
abc,1234
def,5678
abc,1234
def,5678
abc,1234
abc,1234
def,5678
abc,1234
def,5678
abc,1234
def,5678
abc,1234
def,5678
abc,1234
def,5678
abc,1234
abc,1234
def,5678
abc,1234
def,5678
abc,1234
def,5678
abc,1234
def,5678
abc,1234
def,5678
abc,1234
abc,1234
def,5678
abc,1234
def,5678
abc,1234
def,5678
abc,1234
def,5678
abc,1234
def,5678
abc,1234
abc,1234
def,5678
abc,1234
def,5678
abc,1234
def,5678
abc,1234
def,5678
abc,1234
def,5678
abc,1234
abc,1234
def,5678
abc,1234
def,5678
abc,1234
def,5678
abc,1234
def,5678
abc,1234
def,5678
abc,1234
abc,1234
def,5678
abc,1234
def,5678
abc,1234
def,5678
abc,1234
def,5678
abc,1234
def,5678
abc,1234
abc,1234
def,5678
abc,1234
def,5678
abc,1234
def,5678
abc,1234
def,5678
abc,1234
def,5678
abc,1234
abc,1234
def,5678
abc,1234
def,5678
abc,1234
def,5678
abc,1234
def,5678
abc,1234
def,5678
abc,1234
abc,1234
def,5678
abc,1234
def,5678
abc,1234
def,5678
abc,1234
def,5678
abc,1234
def,5678
abc,1234
abc,1234
def,5678
abc,1234
def,5678
abc,1234
def,5678
abc,1234
def,5678
abc,1234
def,5678
abc,1234
def,5678
abc,1234
def,5678
abc,1234
def,5678
abc,1234
def,5678
abc,1234
def,5678
abc,1234
abc,1234
def,5678
abc,1234
def,5678
abc,1234
def,5678
abc,1234
def,5678
abc,1234
def,5678
abc,1234
abc,1234
def,5678
abc,1234
def,5678
abc,1234
def,5678
abc,1234
def,5678
abc,1234
def,5678
abc,1234
abc,1234
def,5678
abc,1234
def,5678
abc,1234
def,5678
abc,1234
def,5678
abc,1234
def,5678
abc,1234
abc,1234
def,5678
abc,1234
def,5678
abc,1234
def,5678
abc,1234
def,5678
abc,1234
def,5678
abc,1234
abc,1234
def,5678
abc,1234
def,5678
abc,1234
def,5678
abc,1234
def,5678
abc,1234
def,5678
abc,1234
abc,1234
def,5678
abc,1234
def,5678
abc,1234
def,5678
abc,1234
def,5678
abc,1234
def,5678
abc,1234
abc,1234
def,5678
abc,1234
def,5678
abc,1234
def,5678
abc,1234
def,5678
abc,1234
def,5678
abc,1234
abc,1234
def,5678
abc,1234
def,5678
abc,1234
def,5678
abc,1234
def,5678
abc,1234
def,5678
abc,1234
abc,1234
def,5678
abc,1234
def,5678
abc,1234
def,5678
abc,1234
def,5678
abc,1234
def,5678
abc,1234
abc,1234
def,5678
abc,1234
def,5678
abc,1234
def,5678
abc,1234
def,5678
abc,1234
def,5678
abc,1234
abc,1234
def,5678
abc,1234
def,5678
abc,1234
def,5678
abc,1234
def,5678
abc,1234
def,5678
abc,1234
abc,1234
def,5678
abc,1234
def,5678
abc,1234
def,5678
abc,1234
def,5678
abc,1234
def,5678
abc,1234
abc,1234
def,5678
abc,1234
def,5678
abc,1234
def,5678
abc,1234
def,5678
abc,1234
def,5678
abc,1234
abc,1234
def,5678
abc,1234
def,5678
abc,1234
def,5678
abc,1234
def,5678
abc,1234
def,5678
abc,1234
abc,1234
def,5678
abc,1234
def,5678
abc,1234
def,5678
abc,1234
def,5678
abc,1234
def,5678
abc,1234
abc,1234
def,5678
abc,1234
def,5678
abc,1234
def,5678
abc,1234
def,5678
abc,1234
def,5678
abc,1234
abc,1234
def,5678
abc,1234
def,5678
abc,1234
def,5678
abc,1234
def,5678
abc,1234
def,5678
abc,1234
abc,1234
def,5678
abc,1234
def,5678
abc,1234
def,5678
abc,1234
def,5678
abc,1234
def,5678
abc,1234
abc,1234
def,5678
abc,1234
def,5678
abc,1234
def,5678
abc,1234
def,5678
abc,1234
def,5678
abc,1234
abc,1234
def,5678
abc,1234
def,5678
abc,1234
def,5678
abc,1234
def,5678
abc,1234
def,5678
abc,1234
abc,1234
def,5678
abc,1234
def,5678
abc,1234
def,5678
abc,1234
def,5678
abc,1234
def,5678
abc,1234
abc,1234
def,5678
abc,1234
def,5678
abc,1234
def,5678
abc,1234
def,5678
abc,1234
def,5678
abc,1234
abc,1234
def,5678
abc,1234
def,5678
abc,1234
def,5678
abc,1234
def,5678
abc,1234
def,5678
abc,1234
abc,1234
def,5678
abc,1234
def,5678
abc,1234
def,5678
abc,1234
def,5678
abc,1234
def,5678
abc,1234
abc,1234
def,5678
abc,1234
def,5678
abc,1234
def,5678
abc,1234
def,5678
abc,1234
def,5678
abc,1234
abc,1234
def,5678
abc,1234
def,5678
abc,1234
def,5678
abc,1234
def,5678
abc,1234
def,5678
abc,1234
abc,1234
def,5678
abc,1234
def,5678
abc,1234
def,5678
abc,1234
def,5678
abc,1234
def,5678
abc,1234
abc,1234
def,5678
abc,1234
def,5678
abc,1234
def,5678
abc,1234
def,5678
abc,1234
def,5678
abc,1234
abc,1234
def,5678
abc,1234
def,5678
abc,1234
def,5678
abc,1234
def,5678
abc,1234
def,5678
abc,1234
abc,1234
def,5678
abc,1234
def,5678
abc,1234
def,5678
abc,1234
def,5678
abc,1234
def,5678
abc,1234
abc,1234
def,5678
abc,1234
def,5678
abc,1234
def,5678
abc,1234
def,5678
abc,1234
def,5678
abc,1234
abc,1234
def,5678
abc,1234
def,5678
abc,1234
def,5678
abc,1234
def,5678
abc,1234
def,5678
abc,1234
abc,1234
def,5678
abc,1234
def,5678
abc,1234
def,5678
abc,1234
def,5678
abc,1234
def,5678
abc,1234
abc,1234
def,5678
abc,1234
def,5678
abc,1234
def,5678
abc,1234
def,5678
abc,1234
def,5678
abc,1234
abc,1234
def,5678
abc,1234
def,5678
abc,1234
def,5678
abc,1234
def,5678
abc,1234
def,5678
abc,1234
abc,1234
def,5678
abc,1234
def,5678
abc,1234
def,5678
abc,1234
def,5678
abc,1234
def,5678
abc,1234
abc,1234
def,5678
abc,1234
def,5678
abc,1234
def,5678
abc,1234
def,5678
abc,1234
def,5678
abc,1234
abc,1234
def,5678
abc,1234
def,5678
abc,1234
def,5678
abc,1234
def,5678
abc,1234
def,5678
abc,1234
abc,1234
def,5678
abc,1234
def,5678
abc,1234
def,5678
abc,1234
def,5678
abc,1234
def,5678
abc,1234
abc,1234
def,5678
abc,1234
def,5678
abc,1234
def,5678
abc,1234
def,5678
abc,1234
def,5678
abc,1234
abc,1234
def,5678
abc,1234
def,5678
abc,1234
def,5678
abc,1234
def,5678
abc,1234
def,5678
abc,1234
abc,1234
def,5678
abc,1234
def,5678
abc,1234
def,5678
abc,1234
def,5678
abc,1234
def,5678
abc,1234
abc,1234
def,5678
abc,1234
def,5678
abc,1234
def,5678
abc,1234
def,5678
abc,1234
def,5678
abc,1234
abc,1234
def,5678
abc,1234
def,5678
abc,1234
def,5678
abc,1234
def,5678
abc,1234
def,5678
abc,1234
abc,1234
def,5678
abc,1234
def,5678
abc,1234
def,5678
abc,1234
def,5678
abc,1234
def,5678
abc,1234
abc,1234
def,5678
abc,1234
def,5678
abc,1234
def,5678
abc,1234
def,5678
abc,1234
def,5678
abc,1234
abc,1234
def,5678
abc,1234
def,5678
abc,1234
def,5678
abc,1234
def,5678
abc,1234
def,5678
abc,1234
abc,1234
def,5678
abc,1234
def,5678
abc,1234
def,5678
abc,1234
def,5678
abc,1234
def,5678
abc,1234
abc,1234
def,5678
abc,1234
def,5678
abc,1234
def,5678
abc,1234
def,5678
abc,1234
def,5678
abc,1234
abc,1234
def,5678
abc,1234
def,5678
abc,1234
def,5678
abc,1234
def,5678
abc,1234
def,5678
abc,1234
abc,1234
def,5678
abc,1234
def,5678
abc,1234
def,5678
abc,1234
def,5678
abc,1234
def,5678
abc,1234
abc,1234
def,5678
abc,1234
def,5678
abc,1234
def,5678
abc,1234
def,5678
abc,1234
def,5678
abc,1234
abc,1234
def,5678
abc,1234
def,5678
abc,1234
def,5678
abc,1234
def,5678
abc,1234
def,5678
abc,1234
abc,1234
def,5678
abc,1234
def,5678
abc,1234
def,5678
abc,1234
def,5678
abc,1234
def,5678
abc,1234
abc,1234
def,5678
abc,1234
def,5678
abc,1234
def,5678
abc,1234
def,5678
abc,1234
def,5678
abc,1234
abc,1234
def,5678
abc,1234
def,5678
abc,1234
def,5678
abc,1234
def,5678
abc,1234
def,5678
abc,1234
abc,1234
def,5678
abc,1234
def,5678
abc,1234
def,5678
abc,1234
def,5678
abc,1234
def,5678
abc,1234
abc,1234
def,5678
abc,1234
def,5678
abc,1234
def,5678
abc,1234
def,5678
abc,1234
def,5678
abc,1234
abc,1234
def,5678
abc,1234
def,5678
abc,1234
def,5678
abc,1234
def,5678
abc,1234
def,5678
abc,1234
abc,1234
def,5678
abc,1234
def,5678
abc,1234
def,5678
abc,1234
def,5678
abc,1234
def,5678
abc,1234
abc,1234
def,5678
abc,1234
def,5678
abc,1234
def,5678
abc,1234
def,5678
abc,1234
def,5678
abc,1234
abc,1234
def,5678
abc,1234
def,5678
abc,1234
def,5678
abc,1234
def,5678
abc,1234
def,5678
abc,1234
abc,1234
def,5678
abc,1234
def,5678
abc,1234
def,5678
abc,1234
def,5678
abc,1234
def,5678
abc,1234
abc,1234
def,5678
abc,1234
def,5678
abc,1234
def,5678
abc,1234
def,5678
abc,1234
def,5678
abc,1234
abc,1234
def,5678
abc,1234
def,5678
abc,1234
def,5678
abc,1234
def,5678
abc,1234
def,5678
abc,1234
abc,1234
def,5678
abc,1234
def,5678
abc,1234
def,5678
abc,1234
def,5678
abc,1234
def,5678
abc,1234
abc,1234
def,5678
abc,1234
def,5678
abc,1234
def,5678
abc,1234
def,5678
abc,1234
def,5678
abc,1234
abc,1234
def,5678
abc,1234
def,5678
abc,1234
def,5678
abc,1234
def,5678
abc,1234
def,5678
abc,1234
abc,1234
def,5678
abc,1234
def,5678
abc,1234
def,5678
abc,1234
def,5678
abc,1234
def,5678
abc,1234
abc,1234
def,5678
abc,1234
def,5678
abc,1234
def,5678
abc,1234
def,5678
abc,1234
def,5678
abc,1234
abc,1234
def,5678
abc,1234
def,5678
abc,1234
def,5678
abc,1234
def,5678
abc,1234
def,5678
abc,1234abc,1234
def,5678
abc,1234
def,5678
abc,1234
def,5678
abc,1234
def,5678
abc,1234
def,5678
abc,1234
abc,1234
def,5678
abc,1234
def,5678
abc,1234
def,5678
abc,1234
def,5678
abc,1234
def,5678
abc,1234
abc,1234
def,5678
abc,1234
def,5678
abc,1234
def,5678
abc,1234
def,5678
abc,1234
def,5678
abc,1234
abc,1234
def,5678
abc,1234
def,5678
abc,1234
def,5678
abc,1234
def,5678
abc,1234
def,5678
abc,1234
abc,1234
def,5678
abc,1234
def,5678
abc,1234
def,5678
abc,1234
def,5678
abc,1234
def,5678
abc,1234
abc,1234
def,5678
abc,1234
def,5678
abc,1234
def,5678
abc,1234
def,5678
abc,1234
def,5678
abc,1234
abc,1234
def,5678
abc,1234
def,5678
abc,1234
def,5678
abc,1234
def,5678
abc,1234
def,5678
abc,1234
abc,1234
def,5678
abc,1234
def,5678
abc,1234
def,5678
abc,1234
def,5678
abc,1234
def,5678
abc,1234
abc,1234
def,5678
abc,1234
def,5678
abc,1234
def,5678
abc,1234
def,5678
abc,1234
def,5678
abc,1234
abc,1234
def,5678
abc,1234
def,5678
abc,1234
def,5678
abc,1234
def,5678
abc,1234
def,5678
abc,1234
abc,1234
def,5678
abc,1234
def,5678
abc,1234
def,5678
abc,1234
def,5678
abc,1234
def,5678
abc,1234
abc,1234
def,5678
abc,1234
def,5678
abc,1234
def,5678
abc,1234
def,5678
abc,1234
def,5678
abc,1234
abc,1234
def,5678
abc,1234
def,5678
abc,1234
def,5678
abc,1234
def,5678
abc,1234
def,5678
abc,1234
abc,1234
def,5678
abc,1234
def,5678
abc,1234
def,5678
abc,1234
def,5678
abc,1234
def,5678
abc,1234
abc,1234
def,5678
abc,1234
def,5678
abc,1234
def,5678
abc,1234
def,5678
abc,1234
def,5678
abc,1234
abc,1234
def,5678
abc,1234
def,5678
abc,1234
def,5678
abc,1234
def,5678
abc,1234
def,5678
abc,1234
abc,1234
def,5678
abc,1234
def,5678
abc,1234
def,5678
abc,1234
def,5678
abc,1234
def,5678
abc,1234
abc,1234
def,5678
abc,1234
def,5678
abc,1234
def,5678
abc,1234
def,5678
abc,1234
def,5678
abc,1234
abc,1234
def,5678
abc,1234
def,5678
abc,1234
def,5678
abc,1234
def,5678
abc,1234
def,5678
abc,1234
abc,1234
def,5678
abc,1234
def,5678
abc,1234
def,5678
abc,1234
def,5678
abc,1234
def,5678
abc,1234
abc,1234
def,5678
abc,1234
def,5678
abc,1234
def,5678
abc,1234
def,5678
abc,1234
def,5678
abc,1234
abc,1234
def,5678
abc,1234
def,5678
abc,1234
def,5678
abc,1234
def,5678
abc,1234
def,5678
abc,1234
abc,1234
def,5678
abc,1234
def,5678
abc,1234
def,5678
abc,1234
def,5678
abc,1234
def,5678
abc,1234
abc,1234
def,5678
abc,1234
def,5678
abc,1234
def,5678
abc,1234
def,5678
abc,1234
def,5678
abc,1234
abc,1234
def,5678
abc,1234
def,5678
abc,1234
def,5678
abc,1234
def,5678
abc,1234
def,5678
abc,1234
abc,1234
def,5678
abc,1234
def,5678
abc,1234
def,5678
abc,1234
def,5678
abc,1234
def,5678
abc,1234
abc,1234
def,5678
abc,1234
def,5678
abc,1234
def,5678
abc,1234
def,5678
abc,1234
def,5678
abc,1234
abc,1234
def,5678
abc,1234
def,5678
abc,1234
def,5678
abc,1234
def,5678
abc,1234
def,5678
abc,1234
abc,1234
def,5678
abc,1234
def,5678
abc,1234
def,5678
abc,1234
def,5678
abc,1234
def,5678
abc,1234
abc,1234
def,5678
abc,1234
def,5678
abc,1234
def,5678
abc,1234
def,5678
abc,1234
def,5678
abc,1234
abc,1234
def,5678
abc,1234
def,5678
abc,1234
def,5678
abc,1234
def,5678
abc,1234
def,5678
abc,1234
abc,1234
def,5678
abc,1234
def,5678
abc,1234
def,5678
abc,1234
def,5678
abc,1234
def,5678
abc,1234
abc,1234
def,5678
abc,1234
def,5678
abc,1234
def,5678
abc,1234
def,5678
abc,1234
def,5678
abc,1234
abc,1234
def,5678
abc,1234
def,5678
abc,1234
def,5678
abc,1234
def,5678
abc,1234
def,5678
abc,1234
abc,1234
def,5678
abc,1234
def,5678
abc,1234
def,5678
abc,1234
def,5678
abc,1234
def,5678
abc,1234
abc,1234
def,5678
abc,1234
def,5678
abc,1234
def,5678
abc,1234
def,5678
abc,1234
def,5678
abc,1234abc,1234
def,5678
abc,1234
def,5678
abc,1234
def,5678
abc,1234
def,5678
abc,1234
def,5678
abc,1234
abc,1234
def,5678
abc,1234
def,5678
abc,1234
def,5678
abc,1234
def,5678
abc,1234
def,5678
abc,1234
abc,1234
def,5678
abc,1234
def,5678
abc,1234
def,5678
abc,1234
def,5678
abc,1234
def,5678
abc,1234
abc,1234
def,5678
abc,1234
def,5678
abc,1234
def,5678
abc,1234
def,5678
abc,1234
def,5678
abc,1234
abc,1234
def,5678
abc,1234
def,5678
abc,1234
def,5678
abc,1234
def,5678
abc,1234
def,5678
abc,1234
abc,1234
def,5678
abc,1234
def,5678
abc,1234
def,5678
abc,1234
def,5678
abc,1234
def,5678
abc,1234
abc,1234
def,5678
abc,1234
def,5678
abc,1234
def,5678
abc,1234
def,5678
abc,1234
def,5678
abc,1234
abc,1234
def,5678
abc,1234
def,5678
abc,1234
def,5678
abc,1234
def,5678
abc,1234
def,5678
abc,1234
abc,1234
def,5678
abc,1234
def,5678
abc,1234
def,5678
abc,1234
def,5678
abc,1234
def,5678
abc,1234
abc,1234
def,5678
abc,1234
def,5678
abc,1234
def,5678
abc,1234
def,5678
abc,1234
def,5678
abc,1234
abc,1234
def,5678
abc,1234
def,5678
abc,1234
def,5678
abc,1234
def,5678
abc,1234
def,5678
abc,1234
abc,1234
def,5678
abc,1234
def,5678
abc,1234
def,5678
abc,1234
def,5678
abc,1234
def,5678
abc,1234
abc,1234
def,5678
abc,1234
def,5678
abc,1234
def,5678
abc,1234
def,5678
abc,1234
def,5678
abc,1234
abc,1234
def,5678
abc,1234
def,5678
abc,1234
def,5678
abc,1234
def,5678
abc,1234
def,5678
abc,1234
abc,1234
def,5678
abc,1234
def,5678
abc,1234
def,5678
abc,1234
def,5678
abc,1234
def,5678
abc,1234
abc,1234
def,5678
abc,1234
def,5678
abc,1234
def,5678
abc,1234
def,5678
abc,1234
def,5678
abc,1234
abc,1234
def,5678
abc,1234
def,5678
abc,1234
def,5678
abc,1234
def,5678
abc,1234
def,5678
abc,1234
abc,1234
def,5678
abc,1234
def,5678
abc,1234
def,5678
abc,1234
def,5678
abc,1234
def,5678
abc,1234
abc,1234
def,5678
abc,1234
def,5678
abc,1234
def,5678
abc,1234
def,5678
abc,1234
def,5678
abc,1234
abc,1234
def,5678
abc,1234
def,5678
abc,1234
def,5678
abc,1234
def,5678
abc,1234
def,5678
abc,1234
abc,1234
def,5678
abc,1234
def,5678
abc,1234
def,5678
abc,1234
def,5678
abc,1234
def,5678
abc,1234
abc,1234
def,5678
abc,1234
def,5678
abc,1234
def,5678
abc,1234
def,5678
abc,1234
def,5678
abc,1234
abc,1234
def,5678
abc,1234
def,5678
abc,1234
def,5678
abc,1234
def,5678
abc,1234
def,5678
abc,1234
abc,1234
def,5678
abc,1234
def,5678
abc,1234
def,5678
abc,1234
def,5678
abc,1234
def,5678
abc,1234
abc,1234
def,5678
abc,1234
def,5678
abc,1234
def,5678
abc,1234
def,5678
abc,1234
def,5678
abc,1234
abc,1234
def,5678
abc,1234
def,5678
abc,1234
def,5678
abc,1234
def,5678
abc,1234
def,5678
abc,1234
abc,1234
def,5678
abc,1234
def,5678
abc,1234
def,5678
abc,1234
def,5678
abc,1234
def,5678
abc,1234
abc,1234
def,5678
abc,1234
def,5678
abc,1234
def,5678
abc,1234
def,5678
abc,1234
def,5678
abc,1234
abc,1234
def,5678
abc,1234
def,5678
abc,1234
def,5678
abc,1234
def,5678
abc,1234
def,5678
abc,1234
abc,1234
def,5678
abc,1234
def,5678
abc,1234
def,5678
abc,1234
def,5678
abc,1234
def,5678
abc,1234
abc,1234
def,5678
abc,1234
def,5678
abc,1234
def,5678
abc,1234
def,5678
abc,1234
def,5678
abc,1234
abc,1234
def,5678
abc,1234
def,5678
abc,1234
def,5678
abc,1234
def,5678
abc,1234
def,5678
abc,1234
abc,1234
def,5678
abc,1234
def,5678
abc,1234
def,5678
abc,1234
def,5678
abc,1234
def,5678
abc,1234
abc,1234
def,5678
abc,1234
def,5678
abc,1234
def,5678
abc,1234
def,5678
abc,1234
def,5678
abc,1234
abc,1234
def,5678
abc,1234
def,5678
abc,1234
def,5678
abc,1234
def,5678
abc,1234
def,5678
abc,1234
abc,1234
def,5678
abc,1234
def,5678
abc,1234
def,5678
abc,1234
def,5678
abc,1234
def,5678
abc,1234abc,1234
def,5678
abc,1234
def,5678
abc,1234
def,5678
abc,1234
def,5678
abc,1234
def,5678
abc,1234
abc,1234
def,5678
abc,1234
def,5678
abc,1234
def,5678
abc,1234
def,5678
abc,1234
def,5678
abc,1234
abc,1234
def,5678
abc,1234
def,5678
abc,1234
def,5678
abc,1234
def,5678
abc,1234
def,5678
abc,1234
abc,1234
def,5678
abc,1234
def,5678
abc,1234
def,5678
abc,1234
def,5678
abc,1234
def,5678
abc,1234
abc,1234
def,5678
abc,1234
def,5678
abc,1234
def,5678
abc,1234
def,5678
abc,1234
def,5678
abc,1234
abc,1234
def,5678
abc,1234
def,5678
abc,1234
def,5678
abc,1234
def,5678
abc,1234
def,5678
abc,1234
abc,1234
def,5678
abc,1234
def,5678
abc,1234
def,5678
abc,1234
def,5678
abc,1234
def,5678
abc,1234
abc,1234
def,5678
abc,1234
def,5678
abc,1234
def,5678
abc,1234
def,5678
abc,1234
def,5678
abc,1234
abc,1234
def,5678
abc,1234
def,5678
abc,1234
def,5678
abc,1234
def,5678
abc,1234
def,5678
abc,1234
abc,1234
def,5678
abc,1234
def,5678
abc,1234
def,5678
abc,1234
def,5678
abc,1234
def,5678
abc,1234
abc,1234
def,5678
abc,1234
def,5678
abc,1234
def,5678
abc,1234
def,5678
abc,1234
def,5678
abc,1234
abc,1234
def,5678
abc,1234
def,5678
abc,1234
def,5678
abc,1234
def,5678
abc,1234
def,5678
abc,1234
abc,1234
def,5678
abc,1234
def,5678
abc,1234
def,5678
abc,1234
def,5678
abc,1234
def,5678
abc,1234
abc,1234
def,5678
abc,1234
def,5678
abc,1234
def,5678
abc,1234
def,5678
abc,1234
def,5678
abc,1234
abc,1234
def,5678
abc,1234
def,5678
abc,1234
def,5678
abc,1234
def,5678
abc,1234
def,5678
abc,1234
abc,1234
def,5678
abc,1234
def,5678
abc,1234
def,5678
abc,1234
def,5678
abc,1234
def,5678
abc,1234
abc,1234
def,5678
abc,1234
def,5678
abc,1234
def,5678
abc,1234
def,5678
abc,1234
def,5678
abc,1234
abc,1234
def,5678
abc,1234
def,5678
abc,1234
def,5678
abc,1234
def,5678
abc,1234
def,5678
abc,1234
abc,1234
def,5678
abc,1234
def,5678
abc,1234
def,5678
abc,1234
def,5678
abc,1234
def,5678
abc,1234
abc,1234
def,5678
abc,1234
def,5678
abc,1234
def,5678
abc,1234
def,5678
abc,1234
def,5678
abc,1234
abc,1234
def,5678
abc,1234
def,5678
abc,1234
def,5678
abc,1234
def,5678
abc,1234
def,5678
abc,1234
abc,1234
def,5678
abc,1234
def,5678
abc,1234
def,5678
abc,1234
def,5678
abc,1234
def,5678
abc,1234
abc,1234
def,5678
abc,1234
def,5678
abc,1234
def,5678
abc,1234
def,5678
abc,1234
def,5678
abc,1234
abc,1234
def,5678
abc,1234
def,5678
abc,1234
def,5678
abc,1234
def,5678
abc,1234
def,5678
abc,1234
abc,1234
def,5678
abc,1234
def,5678
abc,1234
def,5678
abc,1234
def,5678
abc,1234
def,5678
abc,1234
abc,1234
def,5678
abc,1234
def,5678
abc,1234
def,5678
abc,1234
def,5678
abc,1234
def,5678
abc,1234
abc,1234
def,5678
abc,1234
def,5678
abc,1234
def,5678
abc,1234
def,5678
abc,1234
def,5678
abc,1234
abc,1234
def,5678
abc,1234
def,5678
abc,1234
def,5678
abc,1234
def,5678
abc,1234
def,5678
abc,1234
abc,1234
def,5678
abc,1234
def,5678
abc,1234
def,5678
abc,1234
def,5678
abc,1234
def,5678
abc,1234
abc,1234
def,5678
abc,1234
def,5678
abc,1234
def,5678
abc,1234
def,5678
abc,1234
def,5678
abc,1234
abc,1234
def,5678
abc,1234
def,5678
abc,1234
def,5678
abc,1234
def,5678
abc,1234
def,5678
abc,1234
abc,1234
def,5678
abc,1234
def,5678
abc,1234
def,5678
abc,1234
def,5678
abc,1234
def,5678
abc,1234
abc,1234
def,5678
abc,1234
def,5678
abc,1234
def,5678
abc,1234
def,5678
abc,1234
def,5678
abc,1234
abc,1234
def,5678
abc,1234
def,5678
abc,1234
def,5678
abc,1234
def,5678
abc,1234
def,5678
abc,1234
abc,1234
def,5678
abc,1234
def,5678
abc,1234
def,5678
abc,1234
def,5678
abc,1234
def,5678
abc,1234
abc,1234
def,5678
abc,1234
def,5678
abc,1234
def,5678
abc,1234
def,5678
abc,1234
def,5678
abc,1234abc,1234
def,5678
abc,1234
def,5678
abc,1234
def,5678
abc,1234
def,5678
abc,1234
def,5678
abc,1234
abc,1234
def,5678
abc,1234
def,5678
abc,1234
def,5678
abc,1234
def,5678
abc,1234
def,5678
abc,1234
abc,1234
def,5678
abc,1234
def,5678
abc,1234
def,5678
abc,1234
def,5678
abc,1234
def,5678
abc,1234
abc,1234
def,5678
abc,1234
def,5678
abc,1234
def,5678
abc,1234
def,5678
abc,1234
def,5678
abc,1234
abc,1234
def,5678
abc,1234
def,5678
abc,1234
def,5678
abc,1234
def,5678
abc,1234
def,5678
abc,1234
abc,1234
def,5678
abc,1234
def,5678
abc,1234
def,5678
abc,1234
def,5678
abc,1234
def,5678
abc,1234
abc,1234
def,5678
abc,1234
def,5678
abc,1234
def,5678
abc,1234
def,5678
abc,1234
def,5678
abc,1234
abc,1234
def,5678
abc,1234
def,5678
abc,1234
def,5678
abc,1234
def,5678
abc,1234
def,5678
abc,1234
abc,1234
def,5678
abc,1234
def,5678
abc,1234
def,5678
abc,1234
def,5678
abc,1234
def,5678
abc,1234
abc,1234
def,5678
abc,1234
def,5678
abc,1234
def,5678
abc,1234
def,5678
abc,1234
def,5678
abc,1234
abc,1234
def,5678
abc,1234
def,5678
abc,1234
def,5678
abc,1234
def,5678
abc,1234
def,5678
abc,1234
abc,1234
def,5678
abc,1234
def,5678
abc,1234
def,5678
abc,1234
def,5678
abc,1234
def,5678
abc,1234
abc,1234
def,5678
abc,1234
def,5678
abc,1234
def,5678
abc,1234
def,5678
abc,1234
def,5678
abc,1234
abc,1234
def,5678
abc,1234
def,5678
abc,1234
def,5678
abc,1234
def,5678
abc,1234
def,5678
abc,1234
abc,1234
def,5678
abc,1234
def,5678
abc,1234
def,5678
abc,1234
def,5678
abc,1234
def,5678
abc,1234
abc,1234
def,5678
abc,1234
def,5678
abc,1234
def,5678
abc,1234
def,5678
abc,1234
def,5678
abc,1234
abc,1234
def,5678
abc,1234
def,5678
abc,1234
def,5678
abc,1234
def,5678
abc,1234
def,5678
abc,1234
abc,1234
def,5678
abc,1234
def,5678
abc,1234
def,5678
abc,1234
def,5678
abc,1234
def,5678
abc,1234
abc,1234
def,5678
abc,1234
def,5678
abc,1234
def,5678
abc,1234
def,5678
abc,1234
def,5678
abc,1234
abc,1234
def,5678
abc,1234
def,5678
abc,1234
def,5678
abc,1234
def,5678
abc,1234
def,5678
abc,1234
abc,1234
def,5678
abc,1234
def,5678
abc,1234
def,5678
abc,1234
def,5678
abc,1234
def,5678
abc,1234
abc,1234
def,5678
abc,1234
def,5678
abc,1234
def,5678
abc,1234
def,5678
abc,1234
def,5678
abc,1234
abc,1234
def,5678
abc,1234
def,5678
abc,1234
def,5678
abc,1234
def,5678
abc,1234
def,5678
abc,1234
abc,1234
def,5678
abc,1234
def,5678
abc,1234
def,5678
abc,1234
def,5678
abc,1234
def,5678
abc,1234
abc,1234
def,5678
abc,1234
def,5678
abc,1234
def,5678
abc,1234
def,5678
abc,1234
def,5678
abc,1234
abc,1234
def,5678
abc,1234
def,5678
abc,1234
def,5678
abc,1234
def,5678
abc,1234
def,5678
abc,1234
abc,1234
def,5678
abc,1234
def,5678
abc,1234
def,5678
abc,1234
def,5678
abc,1234
def,5678
abc,1234
abc,1234
def,5678
abc,1234
def,5678
abc,1234
def,5678
abc,1234
def,5678
abc,1234
def,5678
abc,1234
abc,1234
def,5678
abc,1234
def,5678
abc,1234
def,5678
abc,1234
def,5678
abc,1234
def,5678
abc,1234
abc,1234
def,5678
abc,1234
def,5678
abc,1234
def,5678
abc,1234
def,5678
abc,1234
def,5678
abc,1234
abc,1234
def,5678
abc,1234
def,5678
abc,1234
def,5678
abc,1234
def,5678
abc,1234
def,5678
abc,1234
abc,1234
def,5678
abc,1234
def,5678
abc,1234
def,5678
abc,1234
def,5678
abc,1234
def,5678
abc,1234
abc,1234
def,5678
abc,1234
def,5678
abc,1234
def,5678
abc,1234
def,5678
abc,1234
def,5678
abc,1234
abc,1234
def,5678
abc,1234
def,5678
abc,1234
def,5678
abc,1234
def,5678
abc,1234
def,5678
abc,1234
abc,1234
def,5678
abc,1234
def,5678
abc,1234
def,5678
abc,1234
def,5678
abc,1234
def,5678
abc,1234
abc,1234
def,5678
abc,1234
def,5678
abc,1234
def,5678
abc,1234
def,5678
abc,1234
def,5678
abc,1234abc,1234
def,5678
abc,1234
def,5678
abc,1234
def,5678
abc,1234
def,5678
abc,1234
def,5678
abc,1234
abc,1234
def,5678
abc,1234
def,5678
abc,1234
def,5678
abc,1234
def,5678
abc,1234
def,5678
abc,1234
abc,1234
def,5678
abc,1234
def,5678
abc,1234
def,5678
abc,1234
def,5678
abc,1234
def,5678
abc,1234
abc,1234
def,5678
abc,1234
def,5678
abc,1234
def,5678
abc,1234
def,5678
abc,1234
def,5678
abc,1234
abc,1234
def,5678
abc,1234
def,5678
abc,1234
def,5678
abc,1234
def,5678
abc,1234
def,5678
abc,1234
abc,1234
def,5678
abc,1234
def,5678
abc,1234
def,5678
abc,1234
def,5678
abc,1234
def,5678
abc,1234
abc,1234
def,5678
abc,1234
def,5678
abc,1234
def,5678
abc,1234
def,5678
abc,1234
def,5678
abc,1234
abc,1234
def,5678
abc,1234
def,5678
abc,1234
def,5678
abc,1234
def,5678
abc,1234
def,5678
abc,1234
abc,1234
def,5678
abc,1234
def,5678
abc,1234
def,5678
abc,1234
def,5678
abc,1234
def,5678
abc,1234
abc,1234
def,5678
abc,1234
def,5678
abc,1234
def,5678
abc,1234
def,5678
abc,1234
def,5678
abc,1234
abc,1234
def,5678
abc,1234
def,5678
abc,1234
def,5678
abc,1234
def,5678
abc,1234
def,5678
abc,1234
abc,1234
def,5678
abc,1234
def,5678
abc,1234
def,5678
abc,1234
def,5678
abc,1234
def,5678
abc,1234
abc,1234
def,5678
abc,1234
def,5678
abc,1234
def,5678
abc,1234
def,5678
abc,1234
def,5678
abc,1234
abc,1234
def,5678
abc,1234
def,5678
abc,1234
def,5678
abc,1234
def,5678
abc,1234
def,5678
abc,1234
abc,1234
def,5678
abc,1234
def,5678
abc,1234
def,5678
abc,1234
def,5678
abc,1234
def,5678
abc,1234
abc,1234
def,5678
abc,1234
def,5678
abc,1234
def,5678
abc,1234
def,5678
abc,1234
def,5678
abc,1234
abc,1234
def,5678
abc,1234
def,5678
abc,1234
def,5678
abc,1234
def,5678
abc,1234
def,5678
abc,1234
abc,1234
def,5678
abc,1234
def,5678
abc,1234
def,5678
abc,1234
def,5678
abc,1234
def,5678
abc,1234
abc,1234
def,5678
abc,1234
def,5678
abc,1234
def,5678
abc,1234
def,5678
abc,1234
def,5678
abc,1234
abc,1234
def,5678
abc,1234
def,5678
abc,1234
def,5678
abc,1234
def,5678
abc,1234
def,5678
abc,1234
abc,1234
def,5678
abc,1234
def,5678
abc,1234
def,5678
abc,1234
def,5678
abc,1234
def,5678
abc,1234
abc,1234
def,5678
abc,1234
def,5678
abc,1234
def,5678
abc,1234
def,5678
abc,1234
def,5678
abc,1234
abc,1234
def,5678
abc,1234
def,5678
abc,1234
def,5678
abc,1234
def,5678
abc,1234
def,5678
abc,1234
abc,1234
def,5678
abc,1234
def,5678
abc,1234
def,5678
abc,1234
def,5678
abc,1234
def,5678
abc,1234
abc,1234
def,5678
abc,1234
def,5678
abc,1234
def,5678
abc,1234
def,5678
abc,1234
def,5678
abc,1234
abc,1234
def,5678
abc,1234
def,5678
abc,1234
def,5678
abc,1234
def,5678
abc,1234
def,5678
abc,1234
abc,1234
def,5678
abc,1234
def,5678
abc,1234
def,5678
abc,1234
def,5678
abc,1234
def,5678
abc,1234
abc,1234
def,5678
abc,1234
def,5678
abc,1234
def,5678
abc,1234
def,5678
abc,1234
def,5678
abc,1234
abc,1234
def,5678
abc,1234
def,5678
abc,1234
def,5678
abc,1234
def,5678
abc,1234
def,5678
abc,1234
abc,1234
def,5678
abc,1234
def,5678
abc,1234
def,5678
abc,1234
def,5678
abc,1234
def,5678
abc,1234
abc,1234
def,5678
abc,1234
def,5678
abc,1234
def,5678
abc,1234
def,5678
abc,1234
def,5678
abc,1234
abc,1234
def,5678
abc,1234
def,5678
abc,1234
def,5678
abc,1234
def,5678
abc,1234
def,5678
abc,1234
abc,1234
def,5678
abc,1234
def,5678
abc,1234
def,5678
abc,1234
def,5678
abc,1234
def,5678
abc,1234
abc,1234
def,5678
abc,1234
def,5678
abc,1234
def,5678
abc,1234
def,5678
abc,1234
def,5678
abc,1234
abc,1234
def,5678
abc,1234
def,5678
abc,1234
def,5678
abc,1234
def,5678
abc,1234
def,5678
abc,1234
abc,1234
def,5678
abc,1234
def,5678
abc,1234
def,5678
abc,1234
def,5678
abc,1234
def,5678
abc,1234
abc,1234
abc,1234
def,5678
abc,1234
def,5678
abc,1234
def,5678
abc,1234
def,5678
abc,1234
def,5678
abc,1234
abc,1234
def,5678
abc,1234
def,5678
abc,1234
def,5678
abc,1234
def,5678
abc,1234
def,5678
abc,1234
abc,1234
def,5678
abc,1234
def,5678
abc,1234
def,5678
abc,1234
def,5678
abc,1234
def,5678
abc,1234
abc,1234
def,5678
abc,1234
def,5678
abc,1234
def,5678
abc,1234
def,5678
abc,1234
def,5678
abc,1234
abc,1234
def,5678
abc,1234
def,5678
abc,1234
def,5678
abc,1234
def,5678
abc,1234
def,5678
abc,1234
abc,1234
def,5678
abc,1234
def,5678
abc,1234
def,5678
abc,1234
def,5678
abc,1234
def,5678
abc,1234
abc,1234
def,5678
abc,1234
def,5678
abc,1234
def,5678
abc,1234
def,5678
abc,1234
def,5678
abc,1234
abc,1234
def,5678
abc,1234
def,5678
abc,1234
def,5678
abc,1234
def,5678
abc,1234
def,5678
abc,1234
abc,1234
def,5678
abc,1234
def,5678
abc,1234
def,5678
abc,1234
def,5678
abc,1234
def,5678
abc,1234
abc,1234
def,5678
abc,1234
def,5678
abc,1234
def,5678
abc,1234
def,5678
abc,1234
def,5678
abc,1234
abc,1234
def,5678
abc,1234
def,5678
abc,1234
def,5678
abc,1234
def,5678
abc,1234
def,5678
abc,1234
abc,1234
def,5678
abc,1234
def,5678
abc,1234
def,5678
abc,1234
def,5678
abc,1234
def,5678
abc,1234
abc,1234
def,5678
abc,1234
def,5678
abc,1234
def,5678
abc,1234
def,5678
abc,1234
def,5678
abc,1234
abc,1234
def,5678
abc,1234
def,5678
abc,1234
def,5678
abc,1234
def,5678
abc,1234
def,5678
abc,1234
abc,1234
def,5678
abc,1234
def,5678
abc,1234
def,5678
abc,1234
def,5678
abc,1234
def,5678
abc,1234
abc,1234
def,5678
abc,1234
def,5678
abc,1234
def,5678
abc,1234
def,5678
abc,1234
def,5678
abc,1234
abc,1234
def,5678
abc,1234
def,5678
abc,1234
def,5678
abc,1234
def,5678
abc,1234
def,5678
abc,1234
abc,1234
def,5678
abc,1234
def,5678
abc,1234
def,5678
abc,1234
def,5678
abc,1234
def,5678
abc,1234
abc,1234
def,5678
abc,1234
def,5678
abc,1234
def,5678
abc,1234
def,5678
abc,1234
def,5678
abc,1234
abc,1234
def,5678
abc,1234
def,5678
abc,1234
def,5678
abc,1234
def,5678
abc,1234
def,5678
abc,1234
abc,1234
def,5678
abc,1234
def,5678
abc,1234
def,5678
abc,1234
def,5678
abc,1234
def,5678
abc,1234
abc,1234
def,5678
abc,1234
def,5678
abc,1234
def,5678
abc,1234
def,5678
abc,1234
def,5678
abc,1234
abc,1234
def,5678
abc,1234
def,5678
abc,1234
def,5678
abc,1234
def,5678
abc,1234
def,5678
abc,1234
abc,1234
def,5678
abc,1234
def,5678
abc,1234
def,5678
abc,1234
def,5678
abc,1234
def,5678
abc,1234
abc,1234
def,5678
abc,1234
def,5678
abc,1234
def,5678
abc,1234
def,5678
abc,1234
def,5678
abc,1234
abc,1234
def,5678
abc,1234
def,5678
abc,1234
def,5678
abc,1234
def,5678
abc,1234
def,5678
abc,1234
abc,1234
def,5678
abc,1234
def,5678
abc,1234
def,5678
abc,1234
def,5678
abc,1234
def,5678
abc,1234
abc,1234
def,5678
abc,1234
def,5678
abc,1234
def,5678
abc,1234
def,5678
abc,1234
def,5678
abc,1234
abc,1234
def,5678
abc,1234
def,5678
abc,1234
def,5678
abc,1234
def,5678
abc,1234
def,5678
abc,1234
abc,1234
def,5678
abc,1234
def,5678
abc,1234
def,5678
abc,1234
def,5678
abc,1234
def,5678
abc,1234
abc,1234
def,5678
abc,1234
def,5678
abc,1234
def,5678
abc,1234
def,5678
abc,1234
def,5678
abc,1234
abc,1234
def,5678
abc,1234
def,5678
abc,1234
def,5678
abc,1234
def,5678
abc,1234
def,5678
abc,1234
abc,1234
def,5678
abc,1234
def,5678
abc,1234
def,5678
abc,1234
def,5678
abc,1234
def,5678
abc,1234
abc,1234
def,5678
abc,1234
def,5678
abc,1234
def,5678
abc,1234
def,5678
abc,1234
def,5678
abc,1234
abc,1234
def,5678
abc,1234
def,5678
abc,1234
def,5678
abc,1234
def,5678
abc,1234
def,5678
abc,1234
abc,1234
def,5678
abc,1234
def,5678
abc,1234
def,5678
abc,1234
def,5678
abc,1234
def,5678
abc,1234
abc,1234
def,5678
abc,1234
def,5678
abc,1234
def,5678
abc,1234
def,5678
abc,1234
def,5678
abc,1234
abc,1234
def,5678
abc,1234
def,5678
abc,1234
def,5678
abc,1234
def,5678
abc,1234
def,5678
abc,1234
abc,1234
def,5678
abc,1234
def,5678
abc,1234
def,5678
abc,1234
def,5678
abc,1234
def,5678
abc,1234
abc,1234
def,5678
abc,1234
def,5678
abc,1234
def,5678
abc,1234
def,5678
abc,1234
def,5678
abc,1234
abc,1234
def,5678
abc,1234
def,5678
abc,1234
def,5678
abc,1234
def,5678
abc,1234
def,5678
abc,1234
abc,1234
def,5678
abc,1234
def,5678
abc,1234
def,5678
abc,1234
def,5678
abc,1234
def,5678
abc,1234
abc,1234
def,5678
abc,1234
def,5678
abc,1234
def,5678
abc,1234
def,5678
abc,1234
def,5678
abc,1234
abc,1234
def,5678
abc,1234
def,5678
abc,1234
def,5678
abc,1234
def,5678
abc,1234
def,5678
abc,1234
abc,1234
def,5678
abc,1234
def,5678
abc,1234
def,5678
abc,1234
def,5678
abc,1234
def,5678
abc,1234
abc,1234
def,5678
abc,1234
def,5678
abc,1234
def,5678
abc,1234
def,5678
abc,1234
def,5678
abc,1234
abc,1234
def,5678
abc,1234
def,5678
abc,1234
def,5678
abc,1234
def,5678
abc,1234
def,5678
abc,1234
abc,1234
def,5678
abc,1234
def,5678
abc,1234
def,5678
abc,1234
def,5678
abc,1234
def,5678
abc,1234
abc,1234
def,5678
abc,1234
def,5678
abc,1234
def,5678
abc,1234
def,5678
abc,1234
def,5678
abc,1234
abc,1234
def,5678
abc,1234
def,5678
abc,1234
def,5678
abc,1234
def,5678
abc,1234
def,5678
abc,1234
abc,1234
def,5678
abc,1234
def,5678
abc,1234
def,5678
abc,1234
def,5678
abc,1234
def,5678
abc,1234
abc,1234
def,5678
abc,1234
def,5678
abc,1234
def,5678
abc,1234
def,5678
abc,1234
def,5678
abc,1234
abc,1234
def,5678
abc,1234
def,5678
abc,1234
def,5678
abc,1234
def,5678
abc,1234
def,5678
abc,1234
abc,1234
def,5678
abc,1234
def,5678
abc,1234
def,5678
abc,1234
def,5678
abc,1234
def,5678
abc,1234
abc,1234
def,5678
abc,1234
def,5678
abc,1234
def,5678
abc,1234
def,5678
abc,1234
def,5678
abc,1234
abc,1234
def,5678
abc,1234
def,5678
abc,1234
def,5678
abc,1234
def,5678
abc,1234
def,5678
abc,1234
abc,1234
def,5678
abc,1234
def,5678
abc,1234
def,5678
abc,1234
def,5678
abc,1234
def,5678
abc,1234
abc,1234
def,5678
abc,1234
def,5678
abc,1234
def,5678
abc,1234
def,5678
abc,1234
def,5678
abc,1234
abc,1234
def,5678
abc,1234
def,5678
abc,1234
def,5678
abc,1234
def,5678
abc,1234
def,5678
abc,1234
abc,1234
def,5678
abc,1234
def,5678
abc,1234
def,5678
abc,1234
def,5678
abc,1234
def,5678
abc,1234
abc,1234
def,5678
abc,1234
def,5678
abc,1234
def,5678
abc,1234
def,5678
abc,1234
def,5678
abc,1234
abc,1234
def,5678
abc,1234
def,5678
abc,1234
def,5678
abc,1234
def,5678
abc,1234
def,5678
abc,1234
abc,1234
def,5678
abc,1234
def,5678
abc,1234
def,5678
abc,1234
def,5678
abc,1234
def,5678
abc,1234
abc,1234
def,5678
abc,1234
def,5678
abc,1234
def,5678
abc,1234
def,5678
abc,1234
def,5678
abc,1234
abc,1234
def,5678
abc,1234
def,5678
abc,1234
def,5678
abc,1234
def,5678
abc,1234
def,5678
abc,1234
abc,1234
def,5678
abc,1234
def,5678
abc,1234
def,5678
abc,1234
def,5678
abc,1234
def,5678
abc,1234
abc,1234
def,5678
abc,1234
def,5678
abc,1234
def,5678
abc,1234
def,5678
abc,1234
def,5678
abc,1234
abc,1234
def,5678
abc,1234
def,5678
abc,1234
def,5678
abc,1234
def,5678
abc,1234
def,5678
abc,1234
abc,1234
def,5678
abc,1234
def,5678
abc,1234
def,5678
abc,1234
def,5678
abc,1234
def,5678
abc,1234
abc,1234
def,5678
abc,1234
def,5678
abc,1234
def,5678
abc,1234
def,5678
abc,1234
def,5678
abc,1234
abc,1234
def,5678
abc,1234
def,5678
abc,1234
def,5678
abc,1234
def,5678
abc,1234
def,5678
abc,1234
abc,1234
def,5678
abc,1234
def,5678
abc,1234
def,5678
abc,1234
def,5678
abc,1234
def,5678
abc,1234abc,1234
def,5678
abc,1234
def,5678
abc,1234
def,5678
abc,1234
def,5678
abc,1234
def,5678
abc,1234
abc,1234
def,5678
abc,1234
def,5678
abc,1234
def,5678
abc,1234
def,5678
abc,1234
def,5678
abc,1234
abc,1234
def,5678
abc,1234
def,5678
abc,1234
def,5678
abc,1234
def,5678
abc,1234
def,5678
abc,1234
abc,1234
def,5678
abc,1234
def,5678
abc,1234
def,5678
abc,1234
def,5678
abc,1234
def,5678
abc,1234
abc,1234
def,5678
abc,1234
def,5678
abc,1234
def,5678
abc,1234
def,5678
abc,1234
def,5678
abc,1234
abc,1234
def,5678
abc,1234
def,5678
abc,1234
def,5678
abc,1234
def,5678
abc,1234
def,5678
abc,1234
abc,1234
def,5678
abc,1234
def,5678
abc,1234
def,5678
abc,1234
def,5678
abc,1234
def,5678
abc,1234
abc,1234
def,5678
abc,1234
def,5678
abc,1234
def,5678
abc,1234
def,5678
abc,1234
def,5678
abc,1234
abc,1234
def,5678
abc,1234
def,5678
abc,1234
def,5678
abc,1234
def,5678
abc,1234
def,5678
abc,1234
abc,1234
def,5678
abc,1234
def,5678
abc,1234
def,5678
abc,1234
def,5678
abc,1234
def,5678
abc,1234
abc,1234
def,5678
abc,1234
def,5678
abc,1234
def,5678
abc,1234
def,5678
abc,1234
def,5678
abc,1234
abc,1234
def,5678
abc,1234
def,5678
abc,1234
def,5678
abc,1234
def,5678
abc,1234
def,5678
abc,1234
abc,1234
def,5678
abc,1234
def,5678
abc,1234
def,5678
abc,1234
def,5678
abc,1234
def,5678
abc,1234
abc,1234
def,5678
abc,1234
def,5678
abc,1234
def,5678
abc,1234
def,5678
abc,1234
def,5678
abc,1234
abc,1234
def,5678
abc,1234
def,5678
abc,1234
def,5678
abc,1234
def,5678
abc,1234
def,5678
abc,1234
abc,1234
def,5678
abc,1234
def,5678
abc,1234
def,5678
abc,1234
def,5678
abc,1234
def,5678
abc,1234
abc,1234
def,5678
abc,1234
def,5678
abc,1234
def,5678
abc,1234
def,5678
abc,1234
def,5678
abc,1234
abc,1234
def,5678
abc,1234
def,5678
abc,1234
def,5678
abc,1234
def,5678
abc,1234
def,5678
abc,1234
abc,1234
def,5678
abc,1234
def,5678
abc,1234
def,5678
abc,1234
def,5678
abc,1234
def,5678
abc,1234
abc,1234
def,5678
abc,1234
def,5678
abc,1234
def,5678
abc,1234
def,5678
abc,1234
def,5678
abc,1234
abc,1234
def,5678
abc,1234
def,5678
abc,1234
def,5678
abc,1234
def,5678
abc,1234
def,5678
abc,1234
abc,1234
def,5678
abc,1234
def,5678
abc,1234
def,5678
abc,1234
def,5678
abc,1234
def,5678
abc,1234
abc,1234
def,5678
abc,1234
def,5678
abc,1234
def,5678
abc,1234
def,5678
abc,1234
def,5678
abc,1234
abc,1234
def,5678
abc,1234
def,5678
abc,1234
def,5678
abc,1234
def,5678
abc,1234
def,5678
abc,1234
abc,1234
def,5678
abc,1234
def,5678
abc,1234
def,5678
abc,1234
def,5678
abc,1234
def,5678
abc,1234
abc,1234
def,5678
abc,1234
def,5678
abc,1234
def,5678
abc,1234
def,5678
abc,1234
def,5678
abc,1234
abc,1234
def,5678
abc,1234
def,5678
abc,1234
def,5678
abc,1234
def,5678
abc,1234
def,5678
abc,1234
abc,1234
def,5678
abc,1234
def,5678
abc,1234
def,5678
abc,1234
def,5678
abc,1234
def,5678
abc,1234
abc,1234
def,5678
abc,1234
def,5678
abc,1234
def,5678
abc,1234
def,5678
abc,1234
def,5678
abc,1234
abc,1234
def,5678
abc,1234
def,5678
abc,1234
def,5678
abc,1234
def,5678
abc,1234
def,5678
abc,1234
abc,1234
def,5678
abc,1234
def,5678
abc,1234
def,5678
abc,1234
def,5678
abc,1234
def,5678
abc,1234
abc,1234
def,5678
abc,1234
def,5678
abc,1234
def,5678
abc,1234
def,5678
abc,1234
def,5678
abc,1234
abc,1234
def,5678
abc,1234
def,5678
abc,1234
def,5678
abc,1234
def,5678
abc,1234
def,5678
abc,1234
abc,1234
def,5678
abc,1234
def,5678
abc,1234
def,5678
abc,1234
def,5678
abc,1234
def,5678
abc,1234
abc,1234
def,5678
abc,1234
def,5678
abc,1234
def,5678
abc,1234
def,5678
abc,1234
def,5678
abc,1234
abc,1234
def,5678
abc,1234
def,5678
abc,1234
def,5678
abc,1234
def,5678
abc,1234
def,5678
abc,1234abc,1234
def,5678
abc,1234
def,5678
abc,1234
def,5678
abc,1234
def,5678
abc,1234
def,5678
abc,1234
abc,1234
def,5678
abc,1234
def,5678
abc,1234
def,5678
abc,1234
def,5678
abc,1234
def,5678
abc,1234
abc,1234
def,5678
abc,1234
def,5678
abc,1234
def,5678
abc,1234
def,5678
abc,1234
def,5678
abc,1234
abc,1234
def,5678
abc,1234
def,5678
abc,1234
def,5678
abc,1234
def,5678
abc,1234
def,5678
abc,1234
abc,1234
def,5678
abc,1234
def,5678
abc,1234
def,5678
abc,1234
def,5678
abc,1234
def,5678
abc,1234
abc,1234
def,5678
abc,1234
def,5678
abc,1234
def,5678
abc,1234
def,5678
abc,1234
def,5678
abc,1234
abc,1234
def,5678
abc,1234
def,5678
abc,1234
def,5678
abc,1234
def,5678
abc,1234
def,5678
abc,1234
abc,1234
def,5678
abc,1234
def,5678
abc,1234
def,5678
abc,1234
def,5678
abc,1234
def,5678
abc,1234
abc,1234
def,5678
abc,1234
def,5678
abc,1234
def,5678
abc,1234
def,5678
abc,1234
def,5678
abc,1234
abc,1234
def,5678
abc,1234
def,5678
abc,1234
def,5678
abc,1234
def,5678
abc,1234
def,5678
abc,1234
abc,1234
def,5678
abc,1234
def,5678
abc,1234
def,5678
abc,1234
def,5678
abc,1234
def,5678
abc,1234
abc,1234
def,5678
abc,1234
def,5678
abc,1234
def,5678
abc,1234
def,5678
abc,1234
def,5678
abc,1234
abc,1234
def,5678
abc,1234
def,5678
abc,1234
def,5678
abc,1234
def,5678
abc,1234
def,5678
abc,1234
abc,1234
def,5678
abc,1234
def,5678
abc,1234
def,5678
abc,1234
def,5678
abc,1234
def,5678
abc,1234
abc,1234
def,5678
abc,1234
def,5678
abc,1234
def,5678
abc,1234
def,5678
abc,1234
def,5678
abc,1234
abc,1234
def,5678
abc,1234
def,5678
abc,1234
def,5678
abc,1234
def,5678
abc,1234
def,5678
abc,1234
abc,1234
def,5678
abc,1234
def,5678
abc,1234
def,5678
abc,1234
def,5678
abc,1234
def,5678
abc,1234
abc,1234
def,5678
abc,1234
def,5678
abc,1234
def,5678
abc,1234
def,5678
abc,1234
def,5678
abc,1234
abc,1234
def,5678
abc,1234
def,5678
abc,1234
def,5678
abc,1234
def,5678
abc,1234
def,5678
abc,1234
abc,1234
def,5678
abc,1234
def,5678
abc,1234
def,5678
abc,1234
def,5678
abc,1234
def,5678
abc,1234
abc,1234
def,5678
abc,1234
def,5678
abc,1234
def,5678
abc,1234
def,5678
abc,1234
def,5678
abc,1234
abc,1234
def,5678
abc,1234
def,5678
abc,1234
def,5678
abc,1234
def,5678
abc,1234
def,5678
abc,1234
abc,1234
def,5678
abc,1234
def,5678
abc,1234
def,5678
abc,1234
def,5678
abc,1234
def,5678
abc,1234
abc,1234
def,5678
abc,1234
def,5678
abc,1234
def,5678
abc,1234
def,5678
abc,1234
def,5678
abc,1234
abc,1234
def,5678
abc,1234
def,5678
abc,1234
def,5678
abc,1234
def,5678
abc,1234
def,5678
abc,1234
abc,1234
def,5678
abc,1234
def,5678
abc,1234
def,5678
abc,1234
def,5678
abc,1234
def,5678
abc,1234
abc,1234
def,5678
abc,1234
def,5678
abc,1234
def,5678
abc,1234
def,5678
abc,1234
def,5678
abc,1234
abc,1234
def,5678
abc,1234
def,5678
abc,1234
def,5678
abc,1234
def,5678
abc,1234
def,5678
abc,1234
abc,1234
def,5678
abc,1234
def,5678
abc,1234
def,5678
abc,1234
def,5678
abc,1234
def,5678
abc,1234
abc,1234
def,5678
abc,1234
def,5678
abc,1234
def,5678
abc,1234
def,5678
abc,1234
def,5678
abc,1234
abc,1234
def,5678
abc,1234
def,5678
abc,1234
def,5678
abc,1234
def,5678
abc,1234
def,5678
abc,1234
abc,1234
def,5678
abc,1234
def,5678
abc,1234
def,5678
abc,1234
def,5678
abc,1234
def,5678
abc,1234
abc,1234
def,5678
abc,1234
def,5678
abc,1234
def,5678
abc,1234
def,5678
abc,1234
def,5678
abc,1234
abc,1234
def,5678
abc,1234
def,5678
abc,1234
def,5678
abc,1234
def,5678
abc,1234
def,5678
abc,1234
abc,1234
def,5678
abc,1234
def,5678
abc,1234
def,5678
abc,1234
def,5678
abc,1234
def,5678
abc,1234
abc,1234
def,5678
abc,1234
def,5678
abc,1234
def,5678
abc,1234
def,5678
abc,1234
def,5678
abc,1234abc,1234
def,5678
abc,1234
def,5678
abc,1234
def,5678
abc,1234
def,5678
abc,1234
def,5678
abc,1234
abc,1234
def,5678
abc,1234
def,5678
abc,1234
def,5678
abc,1234
def,5678
abc,1234
def,5678
abc,1234
abc,1234
def,5678
abc,1234
def,5678
abc,1234
def,5678
abc,1234
def,5678
abc,1234
def,5678
abc,1234
abc,1234
def,5678
abc,1234
def,5678
abc,1234
def,5678
abc,1234
def,5678
abc,1234
def,5678
abc,1234
abc,1234
def,5678
abc,1234
def,5678
abc,1234
def,5678
abc,1234
def,5678
abc,1234
def,5678
abc,1234
abc,1234
def,5678
abc,1234
def,5678
abc,1234
def,5678
abc,1234
def,5678
abc,1234
def,5678
abc,1234
abc,1234
def,5678
abc,1234
def,5678
abc,1234
def,5678
abc,1234
def,5678
abc,1234
def,5678
abc,1234
abc,1234
def,5678
abc,1234
def,5678
abc,1234
def,5678
abc,1234
def,5678
abc,1234
def,5678
abc,1234
abc,1234
def,5678
abc,1234
def,5678
abc,1234
def,5678
abc,1234
def,5678
abc,1234
def,5678
abc,1234
abc,1234
def,5678
abc,1234
def,5678
abc,1234
def,5678
abc,1234
def,5678
abc,1234
def,5678
abc,1234
abc,1234
def,5678
abc,1234
def,5678
abc,1234
def,5678
abc,1234
def,5678
abc,1234
def,5678
abc,1234
abc,1234
def,5678
abc,1234
def,5678
abc,1234
def,5678
abc,1234
def,5678
abc,1234
def,5678
abc,1234
abc,1234
def,5678
abc,1234
def,5678
abc,1234
def,5678
abc,1234
def,5678
abc,1234
def,5678
abc,1234
abc,1234
def,5678
abc,1234
def,5678
abc,1234
def,5678
abc,1234
def,5678
abc,1234
def,5678
abc,1234
abc,1234
def,5678
abc,1234
def,5678
abc,1234
def,5678
abc,1234
def,5678
abc,1234
def,5678
abc,1234
abc,1234
def,5678
abc,1234
def,5678
abc,1234
def,5678
abc,1234
def,5678
abc,1234
def,5678
abc,1234
abc,1234
def,5678
abc,1234
def,5678
abc,1234
def,5678
abc,1234
def,5678
abc,1234
def,5678
abc,1234
abc,1234
def,5678
abc,1234
def,5678
abc,1234
def,5678
abc,1234
def,5678
abc,1234
def,5678
abc,1234
abc,1234
def,5678
abc,1234
def,5678
abc,1234
def,5678
abc,1234
def,5678
abc,1234
def,5678
abc,1234
abc,1234
def,5678
abc,1234
def,5678
abc,1234
def,5678
abc,1234
def,5678
abc,1234
def,5678
abc,1234
abc,1234
def,5678
abc,1234
def,5678
abc,1234
def,5678
abc,1234
def,5678
abc,1234
def,5678
abc,1234
abc,1234
def,5678
abc,1234
def,5678
abc,1234
def,5678
abc,1234
def,5678
abc,1234
def,5678
abc,1234
abc,1234
def,5678
abc,1234
def,5678
abc,1234
def,5678
abc,1234
def,5678
abc,1234
def,5678
abc,1234
abc,1234
def,5678
abc,1234
def,5678
abc,1234
def,5678
abc,1234
def,5678
abc,1234
def,5678
abc,1234
abc,1234
def,5678
abc,1234
def,5678
abc,1234
def,5678
abc,1234
def,5678
abc,1234
def,5678
abc,1234
abc,1234
def,5678
abc,1234
def,5678
abc,1234
def,5678
abc,1234
def,5678
abc,1234
def,5678
abc,1234
abc,1234
def,5678
abc,1234
def,5678
abc,1234
def,5678
abc,1234
def,5678
abc,1234
def,5678
abc,1234
abc,1234
def,5678
abc,1234
def,5678
abc,1234
def,5678
abc,1234
def,5678
abc,1234
def,5678
abc,1234
abc,1234
def,5678
abc,1234
def,5678
abc,1234
def,5678
abc,1234
def,5678
abc,1234
def,5678
abc,1234
abc,1234
def,5678
abc,1234
def,5678
abc,1234
def,5678
abc,1234
def,5678
abc,1234
def,5678
abc,1234
abc,1234
def,5678
abc,1234
def,5678
abc,1234
def,5678
abc,1234
def,5678
abc,1234
def,5678
abc,1234
abc,1234
def,5678
abc,1234
def,5678
abc,1234
def,5678
abc,1234
def,5678
abc,1234
def,5678
abc,1234
abc,1234
def,5678
abc,1234
def,5678
abc,1234
def,5678
abc,1234
def,5678
abc,1234
def,5678
abc,1234
abc,1234
def,5678
abc,1234
def,5678
abc,1234
def,5678
abc,1234
def,5678
abc,1234
def,5678
abc,1234
abc,1234
def,5678
abc,1234
def,5678
abc,1234
def,5678
abc,1234
def,5678
abc,1234
def,5678
abc,1234
abc,1234
def,5678
abc,1234
def,5678
abc,1234
def,5678
abc,1234
def,5678
abc,1234
def,5678
abc,1234abc,1234
def,5678
abc,1234
def,5678
abc,1234
def,5678
abc,1234
def,5678
abc,1234
def,5678
abc,1234
abc,1234
def,5678
abc,1234
def,5678
abc,1234
def,5678
abc,1234
def,5678
abc,1234
def,5678
abc,1234
abc,1234
def,5678
abc,1234
def,5678
abc,1234
def,5678
abc,1234
def,5678
abc,1234
def,5678
abc,1234
abc,1234
def,5678
abc,1234
def,5678
abc,1234
def,5678
abc,1234
def,5678
abc,1234
def,5678
abc,1234
abc,1234
def,5678
abc,1234
def,5678
abc,1234
def,5678
abc,1234
def,5678
abc,1234
def,5678
abc,1234
abc,1234
def,5678
abc,1234
def,5678
abc,1234
def,5678
abc,1234
def,5678
abc,1234
def,5678
abc,1234
abc,1234
def,5678
abc,1234
def,5678
abc,1234
def,5678
abc,1234
def,5678
abc,1234
def,5678
abc,1234
abc,1234
def,5678
abc,1234
def,5678
abc,1234
def,5678
abc,1234
def,5678
abc,1234
def,5678
abc,1234
abc,1234
def,5678
abc,1234
def,5678
abc,1234
def,5678
abc,1234
def,5678
abc,1234
def,5678
abc,1234
abc,1234
def,5678
abc,1234
def,5678
abc,1234
def,5678
abc,1234
def,5678
abc,1234
def,5678
abc,1234
abc,1234
def,5678
abc,1234
def,5678
abc,1234
def,5678
abc,1234
def,5678
abc,1234
def,5678
abc,1234
abc,1234
def,5678
abc,1234
def,5678
abc,1234
def,5678
abc,1234
def,5678
abc,1234
def,5678
abc,1234
abc,1234
def,5678
abc,1234
def,5678
abc,1234
def,5678
abc,1234
def,5678
abc,1234
def,5678
abc,1234
abc,1234
def,5678
abc,1234
def,5678
abc,1234
def,5678
abc,1234
def,5678
abc,1234
def,5678
abc,1234
abc,1234
def,5678
abc,1234
def,5678
abc,1234
def,5678
abc,1234
def,5678
abc,1234
def,5678
abc,1234
abc,1234
def,5678
abc,1234
def,5678
abc,1234
def,5678
abc,1234
def,5678
abc,1234
def,5678
abc,1234
abc,1234
def,5678
abc,1234
def,5678
abc,1234
def,5678
abc,1234
def,5678
abc,1234
def,5678
abc,1234
abc,1234
def,5678
abc,1234
def,5678
abc,1234
def,5678
abc,1234
def,5678
abc,1234
def,5678
abc,1234
abc,1234
def,5678
abc,1234
def,5678
abc,1234
def,5678
abc,1234
def,5678
abc,1234
def,5678
abc,1234
abc,1234
def,5678
abc,1234
def,5678
abc,1234
def,5678
abc,1234
def,5678
abc,1234
def,5678
abc,1234
abc,1234
def,5678
abc,1234
def,5678
abc,1234
def,5678
abc,1234
def,5678
abc,1234
def,5678
abc,1234
abc,1234
def,5678
abc,1234
def,5678
abc,1234
def,5678
abc,1234
def,5678
abc,1234
def,5678
abc,1234
abc,1234
def,5678
abc,1234
def,5678
abc,1234
def,5678
abc,1234
def,5678
abc,1234
def,5678
abc,1234
abc,1234
def,5678
abc,1234
def,5678
abc,1234
def,5678
abc,1234
def,5678
abc,1234
def,5678
abc,1234
abc,1234
def,5678
abc,1234
def,5678
abc,1234
def,5678
abc,1234
def,5678
abc,1234
def,5678
abc,1234
abc,1234
def,5678
abc,1234
def,5678
abc,1234
def,5678
abc,1234
def,5678
abc,1234
def,5678
abc,1234
abc,1234
def,5678
abc,1234
def,5678
abc,1234
def,5678
abc,1234
def,5678
abc,1234
def,5678
abc,1234
abc,1234
def,5678
abc,1234
def,5678
abc,1234
def,5678
abc,1234
def,5678
abc,1234
def,5678
abc,1234
abc,1234
def,5678
abc,1234
def,5678
abc,1234
def,5678
abc,1234
def,5678
abc,1234
def,5678
abc,1234
abc,1234
def,5678
abc,1234
def,5678
abc,1234
def,5678
abc,1234
def,5678
abc,1234
def,5678
abc,1234
abc,1234
def,5678
abc,1234
def,5678
abc,1234
def,5678
abc,1234
def,5678
abc,1234
def,5678
abc,1234
abc,1234
def,5678
abc,1234
def,5678
abc,1234
def,5678
abc,1234
def,5678
abc,1234
def,5678
abc,1234
abc,1234
def,5678
abc,1234
def,5678
abc,1234
def,5678
abc,1234
def,5678
abc,1234
def,5678
abc,1234
abc,1234
def,5678
abc,1234
def,5678
abc,1234
def,5678
abc,1234
def,5678
abc,1234
def,5678
abc,1234
abc,1234
def,5678
abc,1234
def,5678
abc,1234
def,5678
abc,1234
def,5678
abc,1234
def,5678
abc,1234
abc,1234
def,5678
abc,1234
def,5678
abc,1234
def,5678
abc,1234
def,5678
abc,1234
def,5678
abc,1234abc,1234
def,5678
abc,1234
def,5678
abc,1234
def,5678
abc,1234
def,5678
abc,1234
def,5678
abc,1234
abc,1234
def,5678
abc,1234
def,5678
abc,1234
def,5678
abc,1234
def,5678
abc,1234
def,5678
abc,1234
abc,1234
def,5678
abc,1234
def,5678
abc,1234
def,5678
abc,1234
def,5678
abc,1234
def,5678
abc,1234
abc,1234
def,5678
abc,1234
def,5678
abc,1234
def,5678
abc,1234
def,5678
abc,1234
def,5678
abc,1234
abc,1234
def,5678
abc,1234
def,5678
abc,1234
def,5678
abc,1234
def,5678
abc,1234
def,5678
abc,1234
abc,1234
def,5678
abc,1234
def,5678
abc,1234
def,5678
abc,1234
def,5678
abc,1234
def,5678
abc,1234
abc,1234
def,5678
abc,1234
def,5678
abc,1234
def,5678
abc,1234
def,5678
abc,1234
def,5678
abc,1234
abc,1234
def,5678
abc,1234
def,5678
abc,1234
def,5678
abc,1234
def,5678
abc,1234
def,5678
abc,1234
abc,1234
def,5678
abc,1234
def,5678
abc,1234
def,5678
abc,1234
def,5678
abc,1234
def,5678
abc,1234
abc,1234
def,5678
abc,1234
def,5678
abc,1234
def,5678
abc,1234
def,5678
abc,1234
def,5678
abc,1234
abc,1234
def,5678
abc,1234
def,5678
abc,1234
def,5678
abc,1234
def,5678
abc,1234
def,5678
abc,1234
abc,1234
def,5678
abc,1234
def,5678
abc,1234
def,5678
abc,1234
def,5678
abc,1234
def,5678
abc,1234
abc,1234
def,5678
abc,1234
def,5678
abc,1234
def,5678
abc,1234
def,5678
abc,1234
def,5678
abc,1234
abc,1234
def,5678
abc,1234
def,5678
abc,1234
def,5678
abc,1234
def,5678
abc,1234
def,5678
abc,1234
abc,1234
def,5678
abc,1234
def,5678
abc,1234
def,5678
abc,1234
def,5678
abc,1234
def,5678
abc,1234
abc,1234
def,5678
abc,1234
def,5678
abc,1234
def,5678
abc,1234
def,5678
abc,1234
def,5678
abc,1234
abc,1234
def,5678
abc,1234
def,5678
abc,1234
def,5678
abc,1234
def,5678
abc,1234
def,5678
abc,1234
abc,1234
def,5678
abc,1234
def,5678
abc,1234
def,5678
abc,1234
def,5678
abc,1234
def,5678
abc,1234
abc,1234
def,5678
abc,1234
def,5678
abc,1234
def,5678
abc,1234
def,5678
abc,1234
def,5678
abc,1234
abc,1234
def,5678
abc,1234
def,5678
abc,1234
def,5678
abc,1234
def,5678
abc,1234
def,5678
abc,1234
abc,1234
def,5678
abc,1234
def,5678
abc,1234
def,5678
abc,1234
def,5678
abc,1234
def,5678
abc,1234
abc,1234
def,5678
abc,1234
def,5678
abc,1234
def,5678
abc,1234
def,5678
abc,1234
def,5678
abc,1234
abc,1234
def,5678
abc,1234
def,5678
abc,1234
def,5678
abc,1234
def,5678
abc,1234
def,5678
abc,1234
abc,1234
def,5678
abc,1234
def,5678
abc,1234
def,5678
abc,1234
def,5678
abc,1234
def,5678
abc,1234
abc,1234
def,5678
abc,1234
def,5678
abc,1234
def,5678
abc,1234
def,5678
abc,1234
def,5678
abc,1234
abc,1234
def,5678
abc,1234
def,5678
abc,1234
def,5678
abc,1234
def,5678
abc,1234
def,5678
abc,1234
abc,1234
def,5678
abc,1234
def,5678
abc,1234
def,5678
abc,1234
def,5678
abc,1234
def,5678
abc,1234
abc,1234
def,5678
abc,1234
def,5678
abc,1234
def,5678
abc,1234
def,5678
abc,1234
def,5678
abc,1234
abc,1234
def,5678
abc,1234
def,5678
abc,1234
def,5678
abc,1234
def,5678
abc,1234
def,5678
abc,1234
abc,1234
def,5678
abc,1234
def,5678
abc,1234
def,5678
abc,1234
def,5678
abc,1234
def,5678
abc,1234
abc,1234
def,5678
abc,1234
def,5678
abc,1234
def,5678
abc,1234
def,5678
abc,1234
def,5678
abc,1234
abc,1234
def,5678
abc,1234
def,5678
abc,1234
def,5678
abc,1234
def,5678
abc,1234
def,5678
abc,1234
abc,1234
def,5678
abc,1234
def,5678
abc,1234
def,5678
abc,1234
def,5678
abc,1234
def,5678
abc,1234
abc,1234
def,5678
abc,1234
def,5678
abc,1234
def,5678
abc,1234
def,5678
abc,1234
def,5678
abc,1234
abc,1234
def,5678
abc,1234
def,5678
abc,1234
def,5678
abc,1234
def,5678
abc,1234
def,5678
abc,1234
abc,1234
def,5678
abc,1234
def,5678
abc,1234
def,5678
abc,1234
def,5678
abc,1234
def,5678
abc,1234
def,5678
abc,1234
def,5678
abc,1234
def,5678
abc,1234
def,5678
abc,1234
def,5678
abc,1234
abc,1234
def,5678
abc,1234
def,5678
abc,1234
def,5678
abc,1234
def,5678
abc,1234
def,5678
abc,1234
abc,1234
def,5678
abc,1234
def,5678
abc,1234
def,5678
abc,1234
def,5678
abc,1234
def,5678
abc,1234
abc,1234
def,5678
abc,1234
def,5678
abc,1234
def,5678
abc,1234
def,5678
abc,1234
def,5678
abc,1234
abc,1234
def,5678
abc,1234
def,5678
abc,1234
def,5678
abc,1234
def,5678
abc,1234
def,5678
abc,1234
abc,1234
def,5678
abc,1234
def,5678
abc,1234
def,5678
abc,1234
def,5678
abc,1234
def,5678
abc,1234
abc,1234
def,5678
abc,1234
def,5678
abc,1234
def,5678
abc,1234
def,5678
abc,1234
def,5678
abc,1234
abc,1234
def,5678
abc,1234
def,5678
abc,1234
def,5678
abc,1234
def,5678
abc,1234
def,5678
abc,1234
abc,1234
def,5678
abc,1234
def,5678
abc,1234
def,5678
abc,1234
def,5678
abc,1234
def,5678
abc,1234
abc,1234
def,5678
abc,1234
def,5678
abc,1234
def,5678
abc,1234
def,5678
abc,1234
def,5678
abc,1234
abc,1234
def,5678
abc,1234
def,5678
abc,1234
def,5678
abc,1234
def,5678
abc,1234
def,5678
abc,1234
abc,1234
def,5678
abc,1234
def,5678
abc,1234
def,5678
abc,1234
def,5678
abc,1234
def,5678
abc,1234
abc,1234
def,5678
abc,1234
def,5678
abc,1234
def,5678
abc,1234
def,5678
abc,1234
def,5678
abc,1234
abc,1234
def,5678
abc,1234
def,5678
abc,1234
def,5678
abc,1234
def,5678
abc,1234
def,5678
abc,1234
abc,1234
def,5678
abc,1234
def,5678
abc,1234
def,5678
abc,1234
def,5678
abc,1234
def,5678
abc,1234
abc,1234
def,5678
abc,1234
def,5678
abc,1234
def,5678
abc,1234
def,5678
abc,1234
def,5678
abc,1234
abc,1234
def,5678
abc,1234
def,5678
abc,1234
def,5678
abc,1234
def,5678
abc,1234
def,5678
abc,1234
abc,1234
def,5678
abc,1234
def,5678
abc,1234
def,5678
abc,1234
def,5678
abc,1234
def,5678
abc,1234
abc,1234
def,5678
abc,1234
def,5678
abc,1234
def,5678
abc,1234
def,5678
abc,1234
def,5678
abc,1234
abc,1234
def,5678
abc,1234
def,5678
abc,1234
def,5678
abc,1234
def,5678
abc,1234
def,5678
abc,1234
abc,1234
def,5678
abc,1234
def,5678
abc,1234
def,5678
abc,1234
def,5678
abc,1234
def,5678
abc,1234
abc,1234
def,5678
abc,1234
def,5678
abc,1234
def,5678
abc,1234
def,5678
abc,1234
def,5678
abc,1234
abc,1234
def,5678
abc,1234
def,5678
abc,1234
def,5678
abc,1234
def,5678
abc,1234
def,5678
abc,1234
abc,1234
def,5678
abc,1234
def,5678
abc,1234
def,5678
abc,1234
def,5678
abc,1234
def,5678
abc,1234
abc,1234
def,5678
abc,1234
def,5678
abc,1234
def,5678
abc,1234
def,5678
abc,1234
def,5678
abc,1234
abc,1234
def,5678
abc,1234
def,5678
abc,1234
def,5678
abc,1234
def,5678
abc,1234
def,5678
abc,1234
abc,1234
def,5678
abc,1234
def,5678
abc,1234
def,5678
abc,1234
def,5678
abc,1234
def,5678
abc,1234
abc,1234
def,5678
abc,1234
def,5678
abc,1234
def,5678
abc,1234
def,5678
abc,1234
def,5678
abc,1234
abc,1234
def,5678
abc,1234
def,5678
abc,1234
def,5678
abc,1234
def,5678
abc,1234
def,5678
abc,1234
abc,1234
def,5678
abc,1234
def,5678
abc,1234
def,5678
abc,1234
def,5678
abc,1234
def,5678
abc,1234
abc,1234
def,5678
abc,1234
def,5678
abc,1234
def,5678
abc,1234
def,5678
abc,1234
def,5678
abc,1234
abc,1234
def,5678
abc,1234
def,5678
abc,1234
def,5678
abc,1234
def,5678
abc,1234
def,5678
abc,1234
abc,1234
def,5678
abc,1234
def,5678
abc,1234
def,5678
abc,1234
def,5678
abc,1234
def,5678
abc,1234
abc,1234
def,5678
abc,1234
def,5678
abc,1234
def,5678
abc,1234
def,5678
abc,1234
def,5678
abc,1234
abc,1234
def,5678
abc,1234
def,5678
abc,1234
def,5678
abc,1234
def,5678
abc,1234
def,5678
abc,1234
abc,1234
def,5678
abc,1234
def,5678
abc,1234
def,5678
abc,1234
def,5678
abc,1234
def,5678
abc,1234
abc,1234
def,5678
abc,1234
def,5678
abc,1234
def,5678
abc,1234
def,5678
abc,1234
def,5678
abc,1234
abc,1234
def,5678
abc,1234
def,5678
abc,1234
def,5678
abc,1234
def,5678
abc,1234
def,5678
abc,1234
abc,1234
def,5678
abc,1234
def,5678
abc,1234
def,5678
abc,1234
def,5678
abc,1234
def,5678
abc,1234
abc,1234
def,5678
abc,1234
def,5678
abc,1234
def,5678
abc,1234
def,5678
abc,1234
def,5678
abc,1234
abc,1234
def,5678
abc,1234
def,5678
abc,1234
def,5678
abc,1234
def,5678
abc,1234
def,5678
abc,1234
abc,1234
def,5678
abc,1234
def,5678
abc,1234
def,5678
abc,1234
def,5678
abc,1234
def,5678
abc,1234
abc,1234
def,5678
abc,1234
def,5678
abc,1234
def,5678
abc,1234
def,5678
abc,1234
def,5678
abc,1234
abc,1234
def,5678
abc,1234
def,5678
abc,1234
def,5678
abc,1234
def,5678
abc,1234
def,5678
abc,1234
abc,1234
def,5678
abc,1234
def,5678
abc,1234
def,5678
abc,1234
def,5678
abc,1234
def,5678
abc,1234
abc,1234
def,5678
abc,1234
def,5678
abc,1234
def,5678
abc,1234
def,5678
abc,1234
def,5678
abc,1234
abc,1234
def,5678
abc,1234
def,5678
abc,1234
def,5678
abc,1234
def,5678
abc,1234
def,5678
abc,1234
abc,1234
def,5678
abc,1234
def,5678
abc,1234
def,5678
abc,1234
def,5678
abc,1234
def,5678
abc,1234
abc,1234
def,5678
abc,1234
def,5678
abc,1234
def,5678
abc,1234
def,5678
abc,1234
def,5678
abc,1234
abc,1234
def,5678
abc,1234
def,5678
abc,1234
def,5678
abc,1234
def,5678
abc,1234
def,5678
abc,1234
abc,1234
def,5678
abc,1234
def,5678
abc,1234
def,5678
abc,1234
def,5678
abc,1234
def,5678
abc,1234
abc,1234
def,5678
abc,1234
def,5678
abc,1234
def,5678
abc,1234
def,5678
abc,1234
def,5678
abc,1234
abc,1234
def,5678
abc,1234
def,5678
abc,1234
def,5678
abc,1234
def,5678
abc,1234
def,5678
abc,1234
abc,1234
def,5678
abc,1234
def,5678
abc,1234
def,5678
abc,1234
def,5678
abc,1234
def,5678
abc,1234
abc,1234
def,5678
abc,1234
def,5678
abc,1234
def,5678
abc,1234
def,5678
abc,1234
def,5678
abc,1234
abc,1234
def,5678
abc,1234
def,5678
abc,1234
def,5678
abc,1234
def,5678
abc,1234
def,5678
abc,1234
abc,1234
def,5678
abc,1234
def,5678
abc,1234
def,5678
abc,1234
def,5678
abc,1234
def,5678
abc,1234
abc,1234
def,5678
abc,1234
def,5678
abc,1234
def,5678
abc,1234
def,5678
abc,1234
def,5678
abc,1234
abc,1234
def,5678
abc,1234
def,5678
abc,1234
def,5678
abc,1234
def,5678
abc,1234
def,5678
abc,1234
abc,1234
def,5678
abc,1234
def,5678
abc,1234
def,5678
abc,1234
def,5678
abc,1234
def,5678
abc,1234
abc,1234
def,5678
abc,1234
def,5678
abc,1234
def,5678
abc,1234
def,5678
abc,1234
def,5678
abc,1234
abc,1234
def,5678
abc,1234
def,5678
abc,1234
def,5678
abc,1234
def,5678
abc,1234
def,5678
abc,1234
abc,1234
def,5678
abc,1234
def,5678
abc,1234
def,5678
abc,1234
def,5678
abc,1234
def,5678
abc,1234
abc,1234
def,5678
abc,1234
def,5678
abc,1234
def,5678
abc,1234
def,5678
abc,1234
def,5678
abc,1234
abc,1234
def,5678
abc,1234
def,5678
abc,1234
def,5678
abc,1234
def,5678
abc,1234
def,5678
abc,1234
abc,1234
def,5678
abc,1234
def,5678
abc,1234
def,5678
abc,1234
def,5678
abc,1234
def,5678
abc,1234
abc,1234
def,5678
abc,1234
def,5678
abc,1234
def,5678
abc,1234
def,5678
abc,1234
def,5678
abc,1234
abc,1234
def,5678
abc,1234
def,5678
abc,1234
def,5678
abc,1234
def,5678
abc,1234
def,5678
abc,1234
abc,1234
def,5678
abc,1234
def,5678
abc,1234
def,5678
abc,1234
def,5678
abc,1234
def,5678
abc,1234
abc,1234
def,5678
abc,1234
def,5678
abc,1234
def,5678
abc,1234
def,5678
abc,1234
def,5678
abc,1234
abc,1234
def,5678
abc,1234
def,5678
abc,1234
def,5678
abc,1234
def,5678
abc,1234
def,5678
abc,1234
abc,1234
def,5678
abc,1234
def,5678
abc,1234
def,5678
abc,1234
def,5678
abc,1234
def,5678
abc,1234abc,1234
def,5678
abc,1234
def,5678
abc,1234
def,5678
abc,1234
def,5678
abc,1234
def,5678
abc,1234
abc,1234
def,5678
abc,1234
def,5678
abc,1234
def,5678
abc,1234
def,5678
abc,1234
def,5678
abc,1234
abc,1234
def,5678
abc,1234
def,5678
abc,1234
def,5678
abc,1234
def,5678
abc,1234
def,5678
abc,1234
abc,1234
def,5678
abc,1234
def,5678
abc,1234
def,5678
abc,1234
def,5678
abc,1234
def,5678
abc,1234
abc,1234
def,5678
abc,1234
def,5678
abc,1234
def,5678
abc,1234
def,5678
abc,1234
def,5678
abc,1234
abc,1234
def,5678
abc,1234
def,5678
abc,1234
def,5678
abc,1234
def,5678
abc,1234
def,5678
abc,1234
abc,1234
def,5678
abc,1234
def,5678
abc,1234
def,5678
abc,1234
def,5678
abc,1234
def,5678
abc,1234
abc,1234
def,5678
abc,1234
def,5678
abc,1234
def,5678
abc,1234
def,5678
abc,1234
def,5678
abc,1234
abc,1234
def,5678
abc,1234
def,5678
abc,1234
def,5678
abc,1234
def,5678
abc,1234
def,5678
abc,1234
abc,1234
def,5678
abc,1234
def,5678
abc,1234
def,5678
abc,1234
def,5678
abc,1234
def,5678
abc,1234
abc,1234
def,5678
abc,1234
def,5678
abc,1234
def,5678
abc,1234
def,5678
abc,1234
def,5678
abc,1234
abc,1234
def,5678
abc,1234
def,5678
abc,1234
def,5678
abc,1234
def,5678
abc,1234
def,5678
abc,1234
abc,1234
def,5678
abc,1234
def,5678
abc,1234
def,5678
abc,1234
def,5678
abc,1234
def,5678
abc,1234
abc,1234
def,5678
abc,1234
def,5678
abc,1234
def,5678
abc,1234
def,5678
abc,1234
def,5678
abc,1234
abc,1234
def,5678
abc,1234
def,5678
abc,1234
def,5678
abc,1234
def,5678
abc,1234
def,5678
abc,1234
abc,1234
def,5678
abc,1234
def,5678
abc,1234
def,5678
abc,1234
def,5678
abc,1234
def,5678
abc,1234
abc,1234
def,5678
abc,1234
def,5678
abc,1234
def,5678
abc,1234
def,5678
abc,1234
def,5678
abc,1234
abc,1234
def,5678
abc,1234
def,5678
abc,1234
def,5678
abc,1234
def,5678
abc,1234
def,5678
abc,1234
abc,1234
def,5678
abc,1234
def,5678
abc,1234
def,5678
abc,1234
def,5678
abc,1234
def,5678
abc,1234
abc,1234
def,5678
abc,1234
def,5678
abc,1234
def,5678
abc,1234
def,5678
abc,1234
def,5678
abc,1234
abc,1234
def,5678
abc,1234
def,5678
abc,1234
def,5678
abc,1234
def,5678
abc,1234
def,5678
abc,1234
abc,1234
def,5678
abc,1234
def,5678
abc,1234
def,5678
abc,1234
def,5678
abc,1234
def,5678
abc,1234
abc,1234
def,5678
abc,1234
def,5678
abc,1234
def,5678
abc,1234
def,5678
abc,1234
def,5678
abc,1234
abc,1234
def,5678
abc,1234
def,5678
abc,1234
def,5678
abc,1234
def,5678
abc,1234
def,5678
abc,1234
abc,1234
def,5678
abc,1234
def,5678
abc,1234
def,5678
abc,1234
def,5678
abc,1234
def,5678
abc,1234
abc,1234
def,5678
abc,1234
def,5678
abc,1234
def,5678
abc,1234
def,5678
abc,1234
def,5678
abc,1234
abc,1234
def,5678
abc,1234
def,5678
abc,1234
def,5678
abc,1234
def,5678
abc,1234
def,5678
abc,1234
abc,1234
def,5678
abc,1234
def,5678
abc,1234
def,5678
abc,1234
def,5678
abc,1234
def,5678
abc,1234
abc,1234
def,5678
abc,1234
def,5678
abc,1234
def,5678
abc,1234
def,5678
abc,1234
def,5678
abc,1234
abc,1234
def,5678
abc,1234
def,5678
abc,1234
def,5678
abc,1234
def,5678
abc,1234
def,5678
abc,1234
abc,1234
def,5678
abc,1234
def,5678
abc,1234
def,5678
abc,1234
def,5678
abc,1234
def,5678
abc,1234
abc,1234
def,5678
abc,1234
def,5678
abc,1234
def,5678
abc,1234
def,5678
abc,1234
def,5678
abc,1234
abc,1234
def,5678
abc,1234
def,5678
abc,1234
def,5678
abc,1234
def,5678
abc,1234
def,5678
abc,1234
abc,1234
def,5678
abc,1234
def,5678
abc,1234
def,5678
abc,1234
def,5678
abc,1234
def,5678
abc,1234
abc,1234
def,5678
abc,1234
def,5678
abc,1234
def,5678
abc,1234
def,5678
abc,1234
def,5678
abc,1234
abc,1234
def,5678
abc,1234
def,5678
abc,1234
def,5678
abc,1234
def,5678
abc,1234
def,5678
abc,1234abc,1234
def,5678
abc,1234
def,5678
abc,1234
def,5678
abc,1234
def,5678
abc,1234
def,5678
abc,1234
abc,1234
def,5678
abc,1234
def,5678
abc,1234
def,5678
abc,1234
def,5678
abc,1234
def,5678
abc,1234
abc,1234
def,5678
abc,1234
def,5678
abc,1234
def,5678
abc,1234
def,5678
abc,1234
def,5678
abc,1234
abc,1234
def,5678
abc,1234
def,5678
abc,1234
def,5678
abc,1234
def,5678
abc,1234
def,5678
abc,1234
abc,1234
def,5678
abc,1234
def,5678
abc,1234
def,5678
abc,1234
def,5678
abc,1234
def,5678
abc,1234
abc,1234
def,5678
abc,1234
def,5678
abc,1234
def,5678
abc,1234
def,5678
abc,1234
def,5678
abc,1234
abc,1234
def,5678
abc,1234
def,5678
abc,1234
def,5678
abc,1234
def,5678
abc,1234
def,5678
abc,1234
abc,1234
def,5678
abc,1234
def,5678
abc,1234
def,5678
abc,1234
def,5678
abc,1234
def,5678
abc,1234
abc,1234
def,5678
abc,1234
def,5678
abc,1234
def,5678
abc,1234
def,5678
abc,1234
def,5678
abc,1234
abc,1234
def,5678
abc,1234
def,5678
abc,1234
def,5678
abc,1234
def,5678
abc,1234
def,5678
abc,1234
abc,1234
def,5678
abc,1234
def,5678
abc,1234
def,5678
abc,1234
def,5678
abc,1234
def,5678
abc,1234
abc,1234
def,5678
abc,1234
def,5678
abc,1234
def,5678
abc,1234
def,5678
abc,1234
def,5678
abc,1234
abc,1234
def,5678
abc,1234
def,5678
abc,1234
def,5678
abc,1234
def,5678
abc,1234
def,5678
abc,1234
abc,1234
def,5678
abc,1234
def,5678
abc,1234
def,5678
abc,1234
def,5678
abc,1234
def,5678
abc,1234
abc,1234
def,5678
abc,1234
def,5678
abc,1234
def,5678
abc,1234
def,5678
abc,1234
def,5678
abc,1234
abc,1234
def,5678
abc,1234
def,5678
abc,1234
def,5678
abc,1234
def,5678
abc,1234
def,5678
abc,1234
abc,1234
def,5678
abc,1234
def,5678
abc,1234
def,5678
abc,1234
def,5678
abc,1234
def,5678
abc,1234
abc,1234
def,5678
abc,1234
def,5678
abc,1234
def,5678
abc,1234
def,5678
abc,1234
def,5678
abc,1234
abc,1234
def,5678
abc,1234
def,5678
abc,1234
def,5678
abc,1234
def,5678
abc,1234
def,5678
abc,1234
abc,1234
def,5678
abc,1234
def,5678
abc,1234
def,5678
abc,1234
def,5678
abc,1234
def,5678
abc,1234
abc,1234
def,5678
abc,1234
def,5678
abc,1234
def,5678
abc,1234
def,5678
abc,1234
def,5678
abc,1234
abc,1234
def,5678
abc,1234
def,5678
abc,1234
def,5678
abc,1234
def,5678
abc,1234
def,5678
abc,1234
abc,1234
def,5678
abc,1234
def,5678
abc,1234
def,5678
abc,1234
def,5678
abc,1234
def,5678
abc,1234
abc,1234
def,5678
abc,1234
def,5678
abc,1234
def,5678
abc,1234
def,5678
abc,1234
def,5678
abc,1234
abc,1234
def,5678
abc,1234
def,5678
abc,1234
def,5678
abc,1234
def,5678
abc,1234
def,5678
abc,1234
abc,1234
def,5678
abc,1234
def,5678
abc,1234
def,5678
abc,1234
def,5678
abc,1234
def,5678
abc,1234
abc,1234
def,5678
abc,1234
def,5678
abc,1234
def,5678
abc,1234
def,5678
abc,1234
def,5678
abc,1234
abc,1234
def,5678
abc,1234
def,5678
abc,1234
def,5678
abc,1234
def,5678
abc,1234
def,5678
abc,1234
abc,1234
def,5678
abc,1234
def,5678
abc,1234
def,5678
abc,1234
def,5678
abc,1234
def,5678
abc,1234
abc,1234
def,5678
abc,1234
def,5678
abc,1234
def,5678
abc,1234
def,5678
abc,1234
def,5678
abc,1234
abc,1234
def,5678
abc,1234
def,5678
abc,1234
def,5678
abc,1234
def,5678
abc,1234
def,5678
abc,1234
abc,1234
def,5678
abc,1234
def,5678
abc,1234
def,5678
abc,1234
def,5678
abc,1234
def,5678
abc,1234
abc,1234
def,5678
abc,1234
def,5678
abc,1234
def,5678
abc,1234
def,5678
abc,1234
def,5678
abc,1234
abc,1234
def,5678
abc,1234
def,5678
abc,1234
def,5678
abc,1234
def,5678
abc,1234
def,5678
abc,1234
abc,1234
def,5678
abc,1234
def,5678
abc,1234
def,5678
abc,1234
def,5678
abc,1234
def,5678
abc,1234
abc,1234
def,5678
abc,1234
def,5678
abc,1234
def,5678
abc,1234
def,5678
abc,1234
def,5678
abc,1234abc,1234
def,5678
abc,1234
def,5678
abc,1234
def,5678
abc,1234
def,5678
abc,1234
def,5678
abc,1234
abc,1234
def,5678
abc,1234
def,5678
abc,1234
def,5678
abc,1234
def,5678
abc,1234
def,5678
abc,1234
abc,1234
def,5678
abc,1234
def,5678
abc,1234
def,5678
abc,1234
def,5678
abc,1234
def,5678
abc,1234
abc,1234
def,5678
abc,1234
def,5678
abc,1234
def,5678
abc,1234
def,5678
abc,1234
def,5678
abc,1234
abc,1234
def,5678
abc,1234
def,5678
abc,1234
def,5678
abc,1234
def,5678
abc,1234
def,5678
abc,1234
abc,1234
def,5678
abc,1234
def,5678
abc,1234
def,5678
abc,1234
def,5678
abc,1234
def,5678
abc,1234
abc,1234
def,5678
abc,1234
def,5678
abc,1234
def,5678
abc,1234
def,5678
abc,1234
def,5678
abc,1234
abc,1234
def,5678
abc,1234
def,5678
abc,1234
def,5678
abc,1234
def,5678
abc,1234
def,5678
abc,1234
abc,1234
def,5678
abc,1234
def,5678
abc,1234
def,5678
abc,1234
def,5678
abc,1234
def,5678
abc,1234
abc,1234
def,5678
abc,1234
def,5678
abc,1234
def,5678
abc,1234
def,5678
abc,1234
def,5678
abc,1234
abc,1234
def,5678
abc,1234
def,5678
abc,1234
def,5678
abc,1234
def,5678
abc,1234
def,5678
abc,1234
abc,1234
def,5678
abc,1234
def,5678
abc,1234
def,5678
abc,1234
def,5678
abc,1234
def,5678
abc,1234
abc,1234
def,5678
abc,1234
def,5678
abc,1234
def,5678
abc,1234
def,5678
abc,1234
def,5678
abc,1234
abc,1234
def,5678
abc,1234
def,5678
abc,1234
def,5678
abc,1234
def,5678
abc,1234
def,5678
abc,1234
abc,1234
def,5678
abc,1234
def,5678
abc,1234
def,5678
abc,1234
def,5678
abc,1234
def,5678
abc,1234
abc,1234
def,5678
abc,1234
def,5678
abc,1234
def,5678
abc,1234
def,5678
abc,1234
def,5678
abc,1234
abc,1234
def,5678
abc,1234
def,5678
abc,1234
def,5678
abc,1234
def,5678
abc,1234
def,5678
abc,1234
abc,1234
def,5678
abc,1234
def,5678
abc,1234
def,5678
abc,1234
def,5678
abc,1234
def,5678
abc,1234
abc,1234
def,5678
abc,1234
def,5678
abc,1234
def,5678
abc,1234
def,5678
abc,1234
def,5678
abc,1234
abc,1234
def,5678
abc,1234
def,5678
abc,1234
def,5678
abc,1234
def,5678
abc,1234
def,5678
abc,1234
abc,1234
def,5678
abc,1234
def,5678
abc,1234
def,5678
abc,1234
def,5678
abc,1234
def,5678
abc,1234
abc,1234
def,5678
abc,1234
def,5678
abc,1234
def,5678
abc,1234
def,5678
abc,1234
def,5678
abc,1234
abc,1234
def,5678
abc,1234
def,5678
abc,1234
def,5678
abc,1234
def,5678
abc,1234
def,5678
abc,1234
abc,1234
def,5678
abc,1234
def,5678
abc,1234
def,5678
abc,1234
def,5678
abc,1234
def,5678
abc,1234
abc,1234
def,5678
abc,1234
def,5678
abc,1234
def,5678
abc,1234
def,5678
abc,1234
def,5678
abc,1234
abc,1234
def,5678
abc,1234
def,5678
abc,1234
def,5678
abc,1234
def,5678
abc,1234
def,5678
abc,1234
abc,1234
def,5678
abc,1234
def,5678
abc,1234
def,5678
abc,1234
def,5678
abc,1234
def,5678
abc,1234
abc,1234
def,5678
abc,1234
def,5678
abc,1234
def,5678
abc,1234
def,5678
abc,1234
def,5678
abc,1234
abc,1234
def,5678
abc,1234
def,5678
abc,1234
def,5678
abc,1234
def,5678
abc,1234
def,5678
abc,1234
abc,1234
def,5678
abc,1234
def,5678
abc,1234
def,5678
abc,1234
def,5678
abc,1234
def,5678
abc,1234
abc,1234
def,5678
abc,1234
def,5678
abc,1234
def,5678
abc,1234
def,5678
abc,1234
def,5678
abc,1234
abc,1234
def,5678
abc,1234
def,5678
abc,1234
def,5678
abc,1234
def,5678
abc,1234
def,5678
abc,1234
abc,1234
def,5678
abc,1234
def,5678
abc,1234
def,5678
abc,1234
def,5678
abc,1234
def,5678
abc,1234
abc,1234
def,5678
abc,1234
def,5678
abc,1234
def,5678
abc,1234
def,5678
abc,1234
def,5678
abc,1234
abc,1234
def,5678
abc,1234
def,5678
abc,1234
def,5678
abc,1234
def,5678
abc,1234
def,5678
abc,1234
abc,1234
def,5678
abc,1234
def,5678
abc,1234
def,5678
abc,1234
def,5678
abc,1234
def,5678
abc,1234abc,1234
def,5678
abc,1234
def,5678
abc,1234
def,5678
abc,1234
def,5678
abc,1234
def,5678
abc,1234
abc,1234
def,5678
abc,1234
def,5678
abc,1234
def,5678
abc,1234
def,5678
abc,1234
def,5678
abc,1234
abc,1234
def,5678
abc,1234
def,5678
abc,1234
def,5678
abc,1234
def,5678
abc,1234
def,5678
abc,1234
abc,1234
def,5678
abc,1234
def,5678
abc,1234
def,5678
abc,1234
def,5678
abc,1234
def,5678
abc,1234
abc,1234
def,5678
abc,1234
def,5678
abc,1234
def,5678
abc,1234
def,5678
abc,1234
def,5678
abc,1234
abc,1234
def,5678
abc,1234
def,5678
abc,1234
def,5678
abc,1234
def,5678
abc,1234
def,5678
abc,1234
abc,1234
def,5678
abc,1234
def,5678
abc,1234
def,5678
abc,1234
def,5678
abc,1234
def,5678
abc,1234
abc,1234
def,5678
abc,1234
def,5678
abc,1234
def,5678
abc,1234
def,5678
abc,1234
def,5678
abc,1234
abc,1234
def,5678
abc,1234
def,5678
abc,1234
def,5678
abc,1234
def,5678
abc,1234
def,5678
abc,1234
abc,1234
def,5678
abc,1234
def,5678
abc,1234
def,5678
abc,1234
def,5678
abc,1234
def,5678
abc,1234
abc,1234
def,5678
abc,1234
def,5678
abc,1234
def,5678
abc,1234
def,5678
abc,1234
def,5678
abc,1234
abc,1234
def,5678
abc,1234
def,5678
abc,1234
def,5678
abc,1234
def,5678
abc,1234
def,5678
abc,1234
abc,1234
def,5678
abc,1234
def,5678
abc,1234
def,5678
abc,1234
def,5678
abc,1234
def,5678
abc,1234
abc,1234
def,5678
abc,1234
def,5678
abc,1234
def,5678
abc,1234
def,5678
abc,1234
def,5678
abc,1234
abc,1234
def,5678
abc,1234
def,5678
abc,1234
def,5678
abc,1234
def,5678
abc,1234
def,5678
abc,1234
abc,1234
def,5678
abc,1234
def,5678
abc,1234
def,5678
abc,1234
def,5678
abc,1234
def,5678
abc,1234
abc,1234
def,5678
abc,1234
def,5678
abc,1234
def,5678
abc,1234
def,5678
abc,1234
def,5678
abc,1234
abc,1234
def,5678
abc,1234
def,5678
abc,1234
def,5678
abc,1234
def,5678
abc,1234
def,5678
abc,1234
abc,1234
def,5678
abc,1234
def,5678
abc,1234
def,5678
abc,1234
def,5678
abc,1234
def,5678
abc,1234
abc,1234
def,5678
abc,1234
def,5678
abc,1234
def,5678
abc,1234
def,5678
abc,1234
def,5678
abc,1234
abc,1234
def,5678
abc,1234
def,5678
abc,1234
def,5678
abc,1234
def,5678
abc,1234
def,5678
abc,1234
abc,1234
def,5678
abc,1234
def,5678
abc,1234
def,5678
abc,1234
def,5678
abc,1234
def,5678
abc,1234
abc,1234
def,5678
abc,1234
def,5678
abc,1234
def,5678
abc,1234
def,5678
abc,1234
def,5678
abc,1234
abc,1234
def,5678
abc,1234
def,5678
abc,1234
def,5678
abc,1234
def,5678
abc,1234
def,5678
abc,1234
abc,1234
def,5678
abc,1234
def,5678
abc,1234
def,5678
abc,1234
def,5678
abc,1234
def,5678
abc,1234
abc,1234
def,5678
abc,1234
def,5678
abc,1234
def,5678
abc,1234
def,5678
abc,1234
def,5678
abc,1234
abc,1234
def,5678
abc,1234
def,5678
abc,1234
def,5678
abc,1234
def,5678
abc,1234
def,5678
abc,1234
abc,1234
def,5678
abc,1234
def,5678
abc,1234
def,5678
abc,1234
def,5678
abc,1234
def,5678
abc,1234
abc,1234
def,5678
abc,1234
def,5678
abc,1234
def,5678
abc,1234
def,5678
abc,1234
def,5678
abc,1234
abc,1234
def,5678
abc,1234
def,5678
abc,1234
def,5678
abc,1234
def,5678
abc,1234
def,5678
abc,1234
abc,1234
def,5678
abc,1234
def,5678
abc,1234
def,5678
abc,1234
def,5678
abc,1234
def,5678
abc,1234
abc,1234
def,5678
abc,1234
def,5678
abc,1234
def,5678
abc,1234
def,5678
abc,1234
def,5678
abc,1234
abc,1234
def,5678
abc,1234
def,5678
abc,1234
def,5678
abc,1234
def,5678
abc,1234
def,5678
abc,1234
abc,1234
def,5678
abc,1234
def,5678
abc,1234
def,5678
abc,1234
def,5678
abc,1234
def,5678
abc,1234
abc,1234
def,5678
abc,1234
def,5678
abc,1234
def,5678
abc,1234
def,5678
abc,1234
def,5678
abc,1234
abc,1234
def,5678
abc,1234
def,5678
abc,1234
def,5678
abc,1234
def,5678
abc,1234
def,5678
abc,1234abc,1234
def,5678
abc,1234
def,5678
abc,1234
def,5678
abc,1234
def,5678
abc,1234
def,5678
abc,1234
abc,1234
def,5678
abc,1234
def,5678
abc,1234
def,5678
abc,1234
def,5678
abc,1234
def,5678
abc,1234
abc,1234
def,5678
abc,1234
def,5678
abc,1234
def,5678
abc,1234
def,5678
abc,1234
def,5678
abc,1234
abc,1234
def,5678
abc,1234
def,5678
abc,1234
def,5678
abc,1234
def,5678
abc,1234
def,5678
abc,1234
abc,1234
def,5678
abc,1234
def,5678
abc,1234
def,5678
abc,1234
def,5678
abc,1234
def,5678
abc,1234
abc,1234
def,5678
abc,1234
def,5678
abc,1234
def,5678
abc,1234
def,5678
abc,1234
def,5678
abc,1234
abc,1234
def,5678
abc,1234
def,5678
abc,1234
def,5678
abc,1234
def,5678
abc,1234
def,5678
abc,1234
abc,1234
def,5678
abc,1234
def,5678
abc,1234
def,5678
abc,1234
def,5678
abc,1234
def,5678
abc,1234
abc,1234
def,5678
abc,1234
def,5678
abc,1234
def,5678
abc,1234
def,5678
abc,1234
def,5678
abc,1234
abc,1234
def,5678
abc,1234
def,5678
abc,1234
def,5678
abc,1234
def,5678
abc,1234
def,5678
abc,1234
abc,1234
def,5678
abc,1234
def,5678
abc,1234
def,5678
abc,1234
def,5678
abc,1234
def,5678
abc,1234
abc,1234
def,5678
abc,1234
def,5678
abc,1234
def,5678
abc,1234
def,5678
abc,1234
def,5678
abc,1234
abc,1234
def,5678
abc,1234
def,5678
abc,1234
def,5678
abc,1234
def,5678
abc,1234
def,5678
abc,1234
abc,1234
def,5678
abc,1234
def,5678
abc,1234
def,5678
abc,1234
def,5678
abc,1234
def,5678
abc,1234
abc,1234
def,5678
abc,1234
def,5678
abc,1234
def,5678
abc,1234
def,5678
abc,1234
def,5678
abc,1234
abc,1234
def,5678
abc,1234
def,5678
abc,1234
def,5678
abc,1234
def,5678
abc,1234
def,5678
abc,1234
abc,1234
def,5678
abc,1234
def,5678
abc,1234
def,5678
abc,1234
def,5678
abc,1234
def,5678
abc,1234
abc,1234
def,5678
abc,1234
def,5678
abc,1234
def,5678
abc,1234
def,5678
abc,1234
def,5678
abc,1234
abc,1234
def,5678
abc,1234
def,5678
abc,1234
def,5678
abc,1234
def,5678
abc,1234
def,5678
abc,1234
abc,1234
def,5678
abc,1234
def,5678
abc,1234
def,5678
abc,1234
def,5678
abc,1234
def,5678
abc,1234
abc,1234
def,5678
abc,1234
def,5678
abc,1234
def,5678
abc,1234
def,5678
abc,1234
def,5678
abc,1234
abc,1234
def,5678
abc,1234
def,5678
abc,1234
def,5678
abc,1234
def,5678
abc,1234
def,5678
abc,1234
abc,1234
def,5678
abc,1234
def,5678
abc,1234
def,5678
abc,1234
def,5678
abc,1234
def,5678
abc,1234
abc,1234
def,5678
abc,1234
def,5678
abc,1234
def,5678
abc,1234
def,5678
abc,1234
def,5678
abc,1234
abc,1234
def,5678
abc,1234
def,5678
abc,1234
def,5678
abc,1234
def,5678
abc,1234
def,5678
abc,1234
abc,1234
def,5678
abc,1234
def,5678
abc,1234
def,5678
abc,1234
def,5678
abc,1234
def,5678
abc,1234
abc,1234
def,5678
abc,1234
def,5678
abc,1234
def,5678
abc,1234
def,5678
abc,1234
def,5678
abc,1234
abc,1234
def,5678
abc,1234
def,5678
abc,1234
def,5678
abc,1234
def,5678
abc,1234
def,5678
abc,1234
abc,1234
def,5678
abc,1234
def,5678
abc,1234
def,5678
abc,1234
def,5678
abc,1234
def,5678
abc,1234
abc,1234
def,5678
abc,1234
def,5678
abc,1234
def,5678
abc,1234
def,5678
abc,1234
def,5678
abc,1234
abc,1234
def,5678
abc,1234
def,5678
abc,1234
def,5678
abc,1234
def,5678
abc,1234
def,5678
abc,1234
abc,1234
def,5678
abc,1234
def,5678
abc,1234
def,5678
abc,1234
def,5678
abc,1234
def,5678
abc,1234
abc,1234
def,5678
abc,1234
def,5678
abc,1234
def,5678
abc,1234
def,5678
abc,1234
def,5678
abc,1234
abc,1234
def,5678
abc,1234
def,5678
abc,1234
def,5678
abc,1234
def,5678
abc,1234
def,5678
abc,1234
abc,1234
def,5678
abc,1234
def,5678
abc,1234
def,5678
abc,1234
def,5678
abc,1234
def,5678
abc,1234
abc,1234
def,5678
abc,1234
def,5678
abc,1234
def,5678
abc,1234
def,5678
abc,1234
def,5678
abc,1234